UID,Block,Row,Pot,Population,Microbiome,Nitrogen,Replicate,Total_Root_Length,Total_Nodules,Total_Fixing_Nodules,Nodule_Density,Percent_Fixing_Nodules,Fixing_Nodule_Density
1,1,2,16,P3,Nonlocal_R,Ambient_N,1,47.3,2,0,0.042,0,0
2,1,3,17,P3,Nonlocal_R,Ambient_N,2,48.2,8,2,0.166,25,0.041
3,2,4,19,P3,Nonlocal_R,Ambient_N,3,45.9,7,0,0.153,0,0
4,2,5,12,P3,Nonlocal_R,Ambient_N,4,53.6,14,0,0.261,0,0
5,4,4,19,P3,Nonlocal_R,Ambient_N,5,NA,NA,NA,NA,NA,NA
6,8,4,4,P3,Nonlocal_R,Ambient_N,6,39.9,2,0,0.05,0,0
7,1,4,16,P3,Nonlocal_R,N_Addition,1,40.1,4,0,0.1,0,0
8,3,6,6,P3,Nonlocal_R,N_Addition,2,39.5,14,5,0.354,35.714,0.127
9,3,6,20,P3,Nonlocal_R,N_Addition,3,31.3,19,7,0.607,36.842,0.224
10,6,3,5,P3,Nonlocal_R,N_Addition,4,59.1,4,4,0.068,100,0.068
11,7,3,3,P3,Nonlocal_R,N_Addition,6,49.7,26,14,0.523,53.846,0.282
12,9,1,10,P3,Nonlocal_R,N_Addition,5,68.5,1,1,0.015,100,0.015
13,2,1,15,P3,Nonlocal_U,Ambient_N,6,30.3,23,0,0.759,0,0
14,7,1,4,P3,Nonlocal_U,Ambient_N,1,8.9,6,2,0.674,33.333,0.225
15,7,5,6,P3,Nonlocal_U,Ambient_N,2,NA,NA,NA,NA,NA,NA
16,8,4,2,P3,Nonlocal_U,Ambient_N,3,29.6,8,0,0.27,0,0
17,9,2,8,P3,Nonlocal_U,Ambient_N,5,42.1,6,2,0.143,33.333,0.048
18,9,4,4,P3,Nonlocal_U,Ambient_N,4,50.5,0,0,0,0,0
19,1,1,15,P3,Nonlocal_U,N_Addition,1,43.4,11,10,0.253,90.909,0.23
20,4,1,11,P3,Nonlocal_U,N_Addition,2,43.4,19,4,0.438,21.053,0.092
21,4,3,6,P3,Nonlocal_U,N_Addition,3,37.1,5,5,0.135,100,0.135
22,5,3,5,P3,Nonlocal_U,N_Addition,4,42.4,8,5,0.189,62.5,0.118
23,8,2,13,P3,Nonlocal_U,N_Addition,5,37.8,32,2,0.847,6.25,0.053
24,9,2,20,P3,Nonlocal_U,N_Addition,6,35.6,35,25,0.983,71.429,0.702
25,2,4,13,P3,Local,Ambient_N,1,35.5,9,5,0.254,55.556,0.141
26,4,4,12,P3,Local,Ambient_N,3,8.4,3,2,0.357,66.667,0.238
27,5,3,6,P3,Local,Ambient_N,2,41.6,20,12,0.481,60,0.288
28,5,6,7,P3,Local,Ambient_N,4,10.9,13,2,1.193,15.385,0.183
29,6,5,11,P3,Local,Ambient_N,6,50,10,9,0.2,90,0.18
30,8,4,1,P3,Local,Ambient_N,5,40,12,9,0.3,75,0.225
31,3,1,9,P3,Local,N_Addition,1,39.5,18,12,0.456,66.667,0.304
32,3,3,18,P3,Local,N_Addition,2,62,10,3,0.161,30,0.048
33,5,6,4,P3,Local,N_Addition,3,50.6,15,8,0.296,53.333,0.158
34,6,5,20,P3,Local,N_Addition,4,49.8,10,2,0.201,20,0.04
35,6,6,20,P3,Local,N_Addition,5,43.1,10,6,0.232,60,0.139
36,7,6,14,P3,Local,N_Addition,6,31.8,9,2,0.283,22.222,0.063
37,1,1,14,P13,Nonlocal_R,Ambient_N,1,7.2,6,3,0.833,50,0.417
38,2,1,9,P13,Nonlocal_R,Ambient_N,2,17.4,17,1,0.977,5.882,0.057
39,3,1,10,P13,Nonlocal_R,Ambient_N,3,39,19,13,0.487,68.421,0.333
40,3,3,12,P13,Nonlocal_R,Ambient_N,4,37.8,11,7,0.291,63.636,0.185
41,7,2,19,P13,Nonlocal_R,Ambient_N,5,NA,NA,NA,NA,NA,NA
42,7,5,11,P13,Nonlocal_R,Ambient_N,6,NA,NA,NA,NA,NA,NA
43,3,4,4,P13,Nonlocal_R,N_Addition,3,29.9,6,2,0.201,33.333,0.067
44,4,5,3,P13,Nonlocal_R,N_Addition,4,NA,NA,NA,NA,NA,NA
45,6,6,17,P13,Nonlocal_R,N_Addition,5,NA,NA,NA,NA,NA,NA
46,7,3,10,P13,Nonlocal_R,N_Addition,6,36.9,19,8,0.515,42.105,0.217
47,9,6,5,P13,Nonlocal_R,N_Addition,1,NA,NA,NA,NA,NA,NA
48,9,6,11,P13,Nonlocal_R,N_Addition,2,NA,NA,NA,NA,NA,NA
49,1,2,4,P13,Nonlocal_U,Ambient_N,1,7.6,0,0,0,0,0
50,1,6,5,P13,Nonlocal_U,Ambient_N,2,NA,NA,NA,NA,NA,NA
51,5,3,9,P13,Nonlocal_U,Ambient_N,3,53,5,3,0.094,60,0.057
52,5,6,1,P13,Nonlocal_U,Ambient_N,4,NA,NA,NA,NA,NA,NA
53,6,4,3,P13,Nonlocal_U,Ambient_N,5,NA,NA,NA,NA,NA,NA
54,8,2,11,P13,Nonlocal_U,Ambient_N,6,NA,NA,NA,NA,NA,NA
55,1,5,9,P13,Nonlocal_U,N_Addition,1,NA,NA,NA,NA,NA,NA
56,3,1,14,P13,Nonlocal_U,N_Addition,2,44.9,1,0,0.022,0,0
57,4,1,15,P13,Nonlocal_U,N_Addition,3,NA,NA,NA,NA,NA,NA
58,5,4,7,P13,Nonlocal_U,N_Addition,4,47.9,0,0,0,0,0
59,8,1,20,P13,Nonlocal_U,N_Addition,5,NA,NA,NA,NA,NA,NA
60,8,6,16,P13,Nonlocal_U,N_Addition,6,35,0,0,0,0,0
61,2,1,10,P13,Local,Ambient_N,1,NA,NA,NA,NA,NA,NA
62,4,2,15,P13,Local,Ambient_N,2,NA,NA,NA,NA,NA,NA
63,4,6,2,P13,Local,Ambient_N,3,NA,NA,NA,NA,NA,NA
64,5,3,10,P13,Local,Ambient_N,4,NA,NA,NA,NA,NA,NA
65,7,6,3,P13,Local,Ambient_N,5,38,15,12,0.395,80,0.316
66,8,1,16,P13,Local,Ambient_N,6,35.7,7,6,0.196,85.714,0.168
67,2,4,18,P13,Local,N_Addition,3,NA,NA,NA,NA,NA,NA
68,2,4,20,P13,Local,N_Addition,4,69.1,15,2,0.217,13.333,0.029
69,6,2,19,P13,Local,N_Addition,5,51,6,5,0.118,83.333,0.098
70,6,6,12,P13,Local,N_Addition,6,38.4,29,9,0.755,31.034,0.234
71,9,4,9,P13,Local,N_Addition,1,40.5,20,1,0.494,5,0.025
72,9,5,20,P13,Local,N_Addition,2,65.6,22,11,0.335,50,0.168
73,1,4,8,P14,Nonlocal_R,Ambient_N,1,NA,NA,NA,NA,NA,NA
74,2,6,3,P14,Nonlocal_R,Ambient_N,2,56.9,15,9,0.264,60,0.158
75,5,1,14,P14,Nonlocal_R,Ambient_N,3,NA,NA,NA,NA,NA,NA
76,6,5,10,P14,Nonlocal_R,Ambient_N,4,28,17,0,0.607,0,0
77,7,4,16,P14,Nonlocal_R,Ambient_N,5,55.4,21,10,0.379,47.619,0.181
78,8,5,14,P14,Nonlocal_R,Ambient_N,6,NA,NA,NA,NA,NA,NA
79,2,4,14,P14,Nonlocal_R,N_Addition,2,49.3,16,8,0.325,50,0.162
80,3,2,5,P14,Nonlocal_R,N_Addition,3,60.6,6,6,0.099,100,0.099
81,6,1,13,P14,Nonlocal_R,N_Addition,4,NA,NA,NA,NA,NA,NA
82,6,5,4,P14,Nonlocal_R,N_Addition,5,NA,NA,NA,NA,NA,NA
83,7,3,4,P14,Nonlocal_R,N_Addition,6,32.2,15,5,0.466,33.333,0.155
84,9,1,8,P14,Nonlocal_R,N_Addition,1,NA,NA,NA,NA,NA,NA
85,1,4,13,P14,Nonlocal_U,Ambient_N,2,NA,NA,NA,NA,NA,NA
86,2,6,10,P14,Nonlocal_U,Ambient_N,3,23.3,16,3,0.687,18.75,0.129
87,5,1,4,P14,Nonlocal_U,Ambient_N,4,18.5,33,11,1.784,33.333,0.595
88,6,6,14,P14,Nonlocal_U,Ambient_N,5,48.5,11,2,0.227,18.182,0.041
89,8,3,9,P14,Nonlocal_U,Ambient_N,6,42.1,11,3,0.261,27.273,0.071
90,9,2,16,P14,Nonlocal_U,Ambient_N,1,22.1,22,9,0.995,40.909,0.407
91,2,6,19,P14,Nonlocal_U,N_Addition,2,43.3,15,2,0.346,13.333,0.046
92,4,2,20,P14,Nonlocal_U,N_Addition,3,NA,NA,NA,NA,NA,NA
93,4,6,5,P14,Nonlocal_U,N_Addition,4,40.6,13,7,0.32,53.846,0.172
94,5,5,1,P14,Nonlocal_U,N_Addition,5,25.7,16,14,0.623,87.5,0.545
95,8,2,4,P14,Nonlocal_U,N_Addition,6,35.2,43,23,1.222,53.488,0.653
96,9,1,3,P14,Nonlocal_U,N_Addition,1,NA,NA,NA,NA,NA,NA
97,3,3,4,P14,Local,Ambient_N,1,NA,NA,NA,NA,NA,NA
98,3,4,17,P14,Local,Ambient_N,2,25.2,6,1,0.238,16.667,0.04
99,4,4,6,P14,Local,Ambient_N,3,NA,NA,NA,NA,NA,NA
100,7,1,10,P14,Local,Ambient_N,4,NA,NA,NA,NA,NA,NA
101,7,6,15,P14,Local,Ambient_N,5,19.9,11,10,0.553,90.909,0.503
102,8,6,2,P14,Local,Ambient_N,6,NA,NA,NA,NA,NA,NA
103,1,1,1,P14,Local,N_Addition,2,48.6,18,9,0.37,50,0.185
104,1,6,7,P14,Local,N_Addition,3,NA,NA,NA,NA,NA,NA
105,3,5,14,P14,Local,N_Addition,4,NA,NA,NA,NA,NA,NA
106,4,1,5,P14,Local,N_Addition,5,NA,NA,NA,NA,NA,NA
107,5,5,5,P14,Local,N_Addition,6,NA,NA,NA,NA,NA,NA
108,9,3,3,P14,Local,N_Addition,1,53,31,16,0.585,51.613,0.302
109,2,4,9,P15,Nonlocal_R,Ambient_N,3,17.9,8,0,0.447,0,0
110,3,6,8,P15,Nonlocal_R,Ambient_N,4,38,10,1,0.263,10,0.026
111,4,4,14,P15,Nonlocal_R,Ambient_N,6,10.1,9,1,0.891,11.111,0.099
112,4,4,16,P15,Nonlocal_R,Ambient_N,5,28,7,0,0.25,0,0
113,9,5,15,P15,Nonlocal_R,Ambient_N,1,51.9,24,2,0.462,8.333,0.039
114,9,6,8,P15,Nonlocal_R,Ambient_N,2,42.6,30,13,0.704,43.333,0.305
115,2,5,4,P15,Nonlocal_R,N_Addition,1,28.3,6,3,0.212,50,0.106
116,3,5,12,P15,Nonlocal_R,N_Addition,2,42.9,20,1,0.466,5,0.023
117,6,2,1,P15,Nonlocal_R,N_Addition,3,49.4,6,6,0.121,100,0.121
118,8,1,9,P15,Nonlocal_R,N_Addition,4,31.2,10,5,0.321,50,0.16
119,8,3,8,P15,Nonlocal_R,N_Addition,5,51.7,14,2,0.271,14.286,0.039
120,8,4,16,P15,Nonlocal_R,N_Addition,6,48.8,27,14,0.553,51.852,0.287
121,1,6,16,P15,Nonlocal_U,Ambient_N,2,8.4,10,2,1.19,20,0.238
122,4,6,6,P15,Nonlocal_U,Ambient_N,3,18.7,14,5,0.749,35.714,0.267
123,5,1,12,P15,Nonlocal_U,Ambient_N,4,5.9,5,2,0.847,40,0.339
124,6,3,20,P15,Nonlocal_U,Ambient_N,2,NA,NA,NA,NA,NA,NA
125,7,2,8,P15,Nonlocal_U,Ambient_N,6,14.8,22,13,1.486,59.091,0.878
126,9,1,2,P15,Nonlocal_U,Ambient_N,1,61.9,56,33,0.905,58.929,0.533
127,1,1,12,P15,Nonlocal_U,N_Addition,1,48.8,4,0,0.082,0,0
128,2,1,4,P15,Nonlocal_U,N_Addition,2,50.1,2,2,0.04,100,0.04
129,2,3,3,P15,Nonlocal_U,N_Addition,3,NA,NA,NA,NA,NA,NA
130,3,3,17,P15,Nonlocal_U,N_Addition,4,31.7,5,5,0.158,100,0.158
131,6,4,10,P15,Nonlocal_U,N_Addition,5,44.2,15,6,0.339,40,0.136
132,7,4,10,P15,Nonlocal_U,N_Addition,6,59.9,29,11,0.484,37.931,0.184
133,1,3,7,P15,Local,Ambient_N,1,4.1,1,0,0.244,0,0
134,1,4,15,P15,Local,Ambient_N,2,44.7,19,0,0.425,0,0
135,3,1,1,P15,Local,Ambient_N,3,61,35,12,0.574,34.286,0.197
136,4,1,20,P15,Local,Ambient_N,4,52.1,19,17,0.365,89.474,0.326
137,5,1,19,P15,Local,Ambient_N,5,42.7,15,11,0.351,73.333,0.258
138,5,6,18,P15,Local,Ambient_N,6,39,19,19,0.487,100,0.487
139,5,3,3,P15,Local,N_Addition,2,18.3,3,0,0.164,0,0
140,6,2,15,P15,Local,N_Addition,3,52.2,35,23,0.67,65.714,0.441
141,7,2,4,P15,Local,N_Addition,4,35.3,26,20,0.737,76.923,0.567
142,7,6,7,P15,Local,N_Addition,5,45.1,30,16,0.665,53.333,0.355
143,8,3,19,P15,Local,N_Addition,6,32.9,25,12,0.76,48,0.365
144,9,4,7,P15,Local,N_Addition,1,NA,NA,NA,NA,NA,NA
145,1,4,5,P16,Nonlocal_R,Ambient_N,1,35.9,4,0,0.111,0,0
146,2,2,20,P16,Nonlocal_R,Ambient_N,2,41.8,17,1,0.407,5.882,0.024
147,2,6,18,P16,Nonlocal_R,Ambient_N,3,40.8,12,2,0.294,16.667,0.049
148,3,2,13,P16,Nonlocal_R,Ambient_N,4,35.4,16,3,0.452,18.75,0.085
149,4,2,9,P16,Nonlocal_R,Ambient_N,5,37.2,35,17,0.941,48.571,0.457
150,8,4,11,P16,Nonlocal_R,Ambient_N,6,47.4,11,3,0.232,27.273,0.063
151,2,4,15,P16,Nonlocal_R,N_Addition,1,52.4,40,11,0.763,27.5,0.21
152,3,6,18,P16,Nonlocal_R,N_Addition,2,48.7,6,6,0.123,100,0.123
153,4,4,10,P16,Nonlocal_R,N_Addition,3,40.5,24,14,0.593,58.333,0.346
154,5,2,11,P16,Nonlocal_R,N_Addition,4,31.6,19,8,0.601,42.105,0.253
155,6,4,18,P16,Nonlocal_R,N_Addition,5,60.1,25,1,0.416,4,0.017
156,7,6,20,P16,Nonlocal_R,N_Addition,6,37.3,9,4,0.241,44.444,0.107
157,2,2,17,P16,Nonlocal_U,Ambient_N,2,60.9,34,25,0.558,73.529,0.411
158,3,2,1,P16,Nonlocal_U,Ambient_N,3,50.8,16,6,0.315,37.5,0.118
159,5,1,1,P16,Nonlocal_U,Ambient_N,4,NA,NA,NA,NA,NA,NA
160,5,3,13,P16,Nonlocal_U,Ambient_N,5,100.7,15,8,0.149,53.333,0.079
161,7,5,14,P16,Nonlocal_U,Ambient_N,6,54.2,6,0,0.111,0,0
162,9,4,1,P16,Nonlocal_U,Ambient_N,1,37.7,16,1,0.424,6.25,0.027
163,3,5,1,P16,Nonlocal_U,N_Addition,1,37.8,24,4,0.635,16.667,0.106
164,4,4,11,P16,Nonlocal_U,N_Addition,2,64.4,26,10,0.404,38.462,0.155
165,6,2,17,P16,Nonlocal_U,N_Addition,3,NA,NA,NA,NA,NA,NA
166,6,4,6,P16,Nonlocal_U,N_Addition,4,41.8,15,4,0.359,26.667,0.096
167,7,6,13,P16,Nonlocal_U,N_Addition,5,60.2,23,17,0.382,73.913,0.282
168,8,5,3,P16,Nonlocal_U,N_Addition,6,NA,NA,NA,NA,NA,NA
169,1,4,14,P16,Local,Ambient_N,4,43.9,17,1,0.387,5.882,0.023
170,5,6,13,P16,Local,Ambient_N,5,46.2,60,21,1.299,35,0.455
171,8,4,8,P16,Local,Ambient_N,6,43.9,18,10,0.41,55.556,0.228
172,9,1,5,P16,Local,Ambient_N,1,30.7,6,2,0.195,33.333,0.065
173,9,3,11,P16,Local,Ambient_N,2,45,30,9,0.667,30,0.2
174,9,4,5,P16,Local,Ambient_N,3,53.2,5,1,0.094,20,0.019
175,1,4,2,P16,Local,N_Addition,1,74.4,26,12,0.349,46.154,0.161
176,1,6,18,P16,Local,N_Addition,2,47.9,13,10,0.271,76.923,0.209
177,4,1,2,P16,Local,N_Addition,3,51.5,17,12,0.33,70.588,0.233
178,6,6,16,P16,Local,N_Addition,4,54.7,23,15,0.42,65.217,0.274
179,7,3,18,P16,Local,N_Addition,5,82.3,18,13,0.219,72.222,0.158
180,8,1,6,P16,Local,N_Addition,6,29.8,11,1,0.369,9.091,0.034
181,1,5,6,P18,Nonlocal_R,Ambient_N,1,42.5,39,28,0.918,71.795,0.659
182,6,1,8,P18,Nonlocal_R,Ambient_N,5,40.9,30,8,0.733,26.667,0.196
183,6,5,9,P18,Nonlocal_R,Ambient_N,3,50.5,21,1,0.416,4.762,0.02
184,6,5,17,P18,Nonlocal_R,Ambient_N,4,59.3,12,4,0.202,33.333,0.067
185,8,2,9,P18,Nonlocal_R,Ambient_N,2,29,20,2,0.69,10,0.069
186,9,5,17,P18,Nonlocal_R,Ambient_N,6,NA,NA,NA,NA,NA,NA
187,2,1,11,P18,Nonlocal_R,N_Addition,1,38.2,10,7,0.262,70,0.183
188,2,3,20,P18,Nonlocal_R,N_Addition,2,55.2,13,8,0.236,61.538,0.145
189,5,1,11,P18,Nonlocal_R,N_Addition,3,51.1,22,12,0.431,54.545,0.235
190,5,4,20,P18,Nonlocal_R,N_Addition,4,38.4,33,13,0.859,39.394,0.339
191,7,1,7,P18,Nonlocal_R,N_Addition,5,63.7,18,17,0.283,94.444,0.267
192,7,2,2,P18,Nonlocal_R,N_Addition,6,31.4,4,3,0.127,75,0.096
193,1,4,10,P18,Nonlocal_U,Ambient_N,1,17.1,0,0,0,0,0
194,1,5,2,P18,Nonlocal_U,Ambient_N,2,57.3,7,1,0.122,14.286,0.017
195,3,4,11,P18,Nonlocal_U,Ambient_N,3,21,17,4,0.81,23.529,0.19
196,3,4,12,P18,Nonlocal_U,Ambient_N,4,28.6,16,6,0.559,37.5,0.21
197,4,2,12,P18,Nonlocal_U,Ambient_N,5,27.2,8,5,0.294,62.5,0.184
198,9,2,7,P18,Nonlocal_U,Ambient_N,6,NA,NA,NA,NA,NA,NA
199,1,4,4,P18,Nonlocal_U,N_Addition,1,55.6,8,5,0.144,62.5,0.09
200,3,1,4,P18,Nonlocal_U,N_Addition,2,21,0,0,0,0,0
201,4,1,16,P18,Nonlocal_U,N_Addition,3,57.8,1,0,0.017,0,0
202,4,5,19,P18,Nonlocal_U,N_Addition,4,40.7,0,0,0,0,0
203,5,3,12,P18,Nonlocal_U,N_Addition,5,56.5,12,4,0.212,33.333,0.071
204,8,6,7,P18,Nonlocal_U,N_Addition,6,NA,NA,NA,NA,NA,NA
205,2,4,8,P18,Local,Ambient_N,1,41.8,18,1,0.431,5.556,0.024
206,4,3,13,P18,Local,Ambient_N,2,58.8,15,5,0.255,33.333,0.085
207,6,4,11,P18,Local,Ambient_N,3,9.9,1,0,0.101,0,0
208,7,1,17,P18,Local,Ambient_N,4,42.2,20,9,0.474,45,0.213
209,7,3,9,P18,Local,Ambient_N,5,40.5,28,10,0.691,35.714,0.247
210,8,1,17,P18,Local,Ambient_N,6,39,13,7,0.333,53.846,0.179
211,2,4,4,P18,Local,N_Addition,1,42.3,49,22,1.158,44.898,0.52
212,3,4,7,P18,Local,N_Addition,2,55.6,20,13,0.36,65,0.234
213,5,1,18,P18,Local,N_Addition,3,NA,NA,NA,NA,NA,NA
214,8,4,20,P18,Local,N_Addition,4,26.9,13,8,0.483,61.538,0.297
215,9,1,12,P18,Local,N_Addition,5,35.5,18,14,0.507,77.778,0.394
216,9,2,13,P18,Local,N_Addition,6,49.2,27,1,0.549,3.704,0.02
217,2,3,19,P20,Nonlocal_R,Ambient_N,1,23.7,3,0,0.127,0,0
218,3,3,19,P20,Nonlocal_R,Ambient_N,2,43,20,15,0.465,75,0.349
219,7,1,11,P20,Nonlocal_R,Ambient_N,3,55.2,40,18,0.725,45,0.326
220,8,5,5,P20,Nonlocal_R,Ambient_N,4,4.5,7,2,1.556,28.571,0.444
221,9,1,17,P20,Nonlocal_R,Ambient_N,5,NA,NA,NA,NA,NA,NA
222,9,3,18,P20,Nonlocal_R,Ambient_N,6,NA,NA,NA,NA,NA,NA
223,1,5,3,P20,Nonlocal_R,N_Addition,1,NA,NA,NA,NA,NA,NA
224,3,6,15,P20,Nonlocal_R,N_Addition,2,43.5,5,0,0.115,0,0
225,6,2,7,P20,Nonlocal_R,N_Addition,3,55,5,2,0.091,40,0.036
226,6,6,2,P20,Nonlocal_R,N_Addition,4,53.7,11,3,0.205,27.273,0.056
227,7,3,12,P20,Nonlocal_R,N_Addition,5,26.7,13,1,0.487,7.692,0.037
228,8,1,8,P20,Nonlocal_R,N_Addition,6,NA,NA,NA,NA,NA,NA
229,2,2,5,P20,Nonlocal_U,Ambient_N,1,85.7,1,0,0.012,0,0
230,2,4,17,P20,Nonlocal_U,Ambient_N,2,40.1,8,4,0.2,50,0.1
231,5,4,1,P20,Nonlocal_U,Ambient_N,3,40.3,1,0,0.025,0,0
232,6,1,10,P20,Nonlocal_U,Ambient_N,4,10.8,0,0,0,0,0
233,6,6,6,P20,Nonlocal_U,Ambient_N,5,48.9,5,2,0.102,40,0.041
234,8,2,7,P20,Nonlocal_U,Ambient_N,6,39.5,0,0,0,0,0
235,1,2,17,P20,Nonlocal_U,N_Addition,1,51.9,38,0,0.732,0,0
236,1,5,4,P20,Nonlocal_U,N_Addition,2,128.7,0,0,0,0,0
237,5,4,18,P20,Nonlocal_U,N_Addition,6,68.7,3,0,0.044,0,0
238,5,5,20,P20,Nonlocal_U,N_Addition,3,53.4,9,9,0.169,100,0.169
239,7,3,11,P20,Nonlocal_U,N_Addition,5,62.6,6,0,0.096,0,0
240,8,6,15,P20,Nonlocal_U,N_Addition,4,55.8,1,0,0.018,0,0
241,2,2,19,P20,Local,Ambient_N,1,NA,NA,NA,NA,NA,NA
242,4,1,7,P20,Local,Ambient_N,2,33.4,26,16,0.778,61.538,0.479
243,5,4,12,P20,Local,Ambient_N,3,52.5,32,19,0.61,59.375,0.362
244,7,6,16,P20,Local,Ambient_N,4,53.6,33,21,0.616,63.636,0.392
245,9,3,2,P20,Local,Ambient_N,5,44,23,20,0.523,86.957,0.455
246,9,5,19,P20,Local,Ambient_N,6,38.4,15,5,0.391,33.333,0.13
247,1,4,11,P20,Local,N_Addition,1,35.7,10,7,0.28,70,0.196
248,3,4,6,P20,Local,N_Addition,2,27.8,4,4,0.144,100,0.144
249,3,5,16,P20,Local,N_Addition,3,29,64,2,2.207,3.125,0.069
250,4,1,14,P20,Local,N_Addition,4,33.1,12,4,0.363,33.333,0.121
251,4,3,15,P20,Local,N_Addition,5,56.2,20,6,0.356,30,0.107
252,4,4,17,P20,Local,N_Addition,6,37.7,8,7,0.212,87.5,0.186
253,1,1,3,P21,Nonlocal_R,Ambient_N,1,NA,NA,NA,NA,NA,NA
254,4,6,9,P21,Nonlocal_R,Ambient_N,2,40.4,22,14,0.545,63.636,0.347
255,6,1,15,P21,Nonlocal_R,Ambient_N,3,49.2,28,10,0.569,35.714,0.203
256,6,3,13,P21,Nonlocal_R,Ambient_N,4,36.7,20,4,0.545,20,0.109
257,7,2,13,P21,Nonlocal_R,Ambient_N,5,46.9,11,8,0.235,72.727,0.171
258,8,5,19,P21,Nonlocal_R,Ambient_N,6,60.2,35,13,0.581,37.143,0.216
259,1,3,2,P21,Nonlocal_R,N_Addition,2,NA,NA,NA,NA,NA,NA
260,3,3,13,P21,Nonlocal_R,N_Addition,3,NA,NA,NA,NA,NA,NA
261,3,4,1,P21,Nonlocal_R,N_Addition,4,NA,NA,NA,NA,NA,NA
262,6,4,19,P21,Nonlocal_R,N_Addition,5,51.9,17,6,0.328,35.294,0.116
263,7,6,9,P21,Nonlocal_R,N_Addition,6,36.3,23,9,0.634,39.13,0.248
264,9,5,8,P21,Nonlocal_R,N_Addition,1,63.4,8,4,0.126,50,0.063
265,2,1,1,P21,Nonlocal_U,Ambient_N,2,44.9,11,3,0.245,27.273,0.067
266,2,6,12,P21,Nonlocal_U,Ambient_N,3,NA,NA,NA,NA,NA,NA
267,4,6,15,P21,Nonlocal_U,Ambient_N,4,45,21,11,0.467,52.381,0.244
268,5,3,1,P21,Nonlocal_U,Ambient_N,5,5.2,7,0,1.346,0,0
269,8,4,9,P21,Nonlocal_U,Ambient_N,6,57.5,36,30,0.626,83.333,0.522
270,9,1,6,P21,Nonlocal_U,Ambient_N,1,8.7,4,0,0.46,0,0
271,1,2,2,P21,Nonlocal_U,N_Addition,2,17.1,8,1,0.468,12.5,0.058
272,2,2,4,P21,Nonlocal_U,N_Addition,3,NA,NA,NA,NA,NA,NA
273,4,3,3,P21,Nonlocal_U,N_Addition,4,42.9,12,4,0.28,33.333,0.093
274,5,2,1,P21,Nonlocal_U,N_Addition,5,NA,NA,NA,NA,NA,NA
275,5,2,14,P21,Nonlocal_U,N_Addition,6,43.7,13,4,0.297,30.769,0.092
276,9,3,20,P21,Nonlocal_U,N_Addition,1,42.5,12,3,0.282,25,0.071
277,1,1,13,P21,Local,Ambient_N,1,37.4,34,19,0.909,55.882,0.508
278,2,1,19,P21,Local,Ambient_N,2,46.7,20,17,0.428,85,0.364
279,3,2,9,P21,Local,Ambient_N,3,95.5,18,9,0.188,50,0.094
280,3,6,4,P21,Local,Ambient_N,4,19,29,10,1.526,34.483,0.526
281,4,6,8,P21,Local,Ambient_N,5,NA,NA,NA,NA,NA,NA
282,5,5,16,P21,Local,Ambient_N,6,33,20,6,0.606,30,0.182
283,6,5,1,P21,Local,N_Addition,2,51,22,14,0.431,63.636,0.275
284,7,1,13,P21,Local,N_Addition,5,37.2,25,5,0.672,20,0.134
285,7,6,12,P21,Local,N_Addition,4,NA,NA,NA,NA,NA,NA
286,8,2,8,P21,Local,N_Addition,3,48.6,37,14,0.761,37.838,0.288
287,8,2,10,P21,Local,N_Addition,6,NA,NA,NA,NA,NA,NA
288,9,1,20,P21,Local,N_Addition,1,NA,NA,NA,NA,NA,NA
289,2,5,19,P22,Nonlocal_R,Ambient_N,3,NA,NA,NA,NA,NA,NA
290,4,6,14,P22,Nonlocal_R,Ambient_N,4,48.5,23,10,0.474,43.478,0.206
291,5,2,10,P22,Nonlocal_R,Ambient_N,5,58.3,20,3,0.343,15,0.051
292,5,5,18,P22,Nonlocal_R,Ambient_N,6,NA,NA,NA,NA,NA,NA
293,9,1,15,P22,Nonlocal_R,Ambient_N,1,42.3,50,12,1.182,24,0.284
294,9,6,7,P22,Nonlocal_R,Ambient_N,2,NA,NA,NA,NA,NA,NA
295,1,4,9,P22,Nonlocal_R,N_Addition,1,NA,NA,NA,NA,NA,NA
296,2,4,11,P22,Nonlocal_R,N_Addition,2,NA,NA,NA,NA,NA,NA
297,3,4,9,P22,Nonlocal_R,N_Addition,3,NA,NA,NA,NA,NA,NA
298,3,5,2,P22,Nonlocal_R,N_Addition,4,NA,NA,NA,NA,NA,NA
299,5,2,12,P22,Nonlocal_R,N_Addition,5,NA,NA,NA,NA,NA,NA
300,8,5,16,P22,Nonlocal_R,N_Addition,6,NA,NA,NA,NA,NA,NA
301,2,3,16,P22,Nonlocal_U,Ambient_N,1,NA,NA,NA,NA,NA,NA
302,6,2,2,P22,Nonlocal_U,Ambient_N,2,NA,NA,NA,NA,NA,NA
303,7,6,10,P22,Nonlocal_U,Ambient_N,3,NA,NA,NA,NA,NA,NA
304,7,6,11,P22,Nonlocal_U,Ambient_N,4,NA,NA,NA,NA,NA,NA
305,7,6,19,P22,Nonlocal_U,Ambient_N,5,30.2,46,14,1.523,30.435,0.464
306,8,3,2,P22,Nonlocal_U,Ambient_N,6,NA,NA,NA,NA,NA,NA
307,3,5,5,P22,Nonlocal_U,N_Addition,2,18.9,4,1,0.212,25,0.053
308,4,2,8,P22,Nonlocal_U,N_Addition,3,34.7,8,1,0.231,12.5,0.029
309,4,3,12,P22,Nonlocal_U,N_Addition,4,NA,NA,NA,NA,NA,NA
310,6,3,1,P22,Nonlocal_U,N_Addition,5,NA,NA,NA,NA,NA,NA
311,8,4,15,P22,Nonlocal_U,N_Addition,6,NA,NA,NA,NA,NA,NA
312,9,1,14,P22,Nonlocal_U,N_Addition,1,NA,NA,NA,NA,NA,NA
313,1,3,12,P22,Local,Ambient_N,1,54.4,13,9,0.239,69.231,0.165
314,2,5,6,P22,Local,Ambient_N,2,NA,NA,NA,NA,NA,NA
315,4,5,20,P22,Local,Ambient_N,3,35,20,8,0.571,40,0.229
316,5,1,3,P22,Local,Ambient_N,5,NA,NA,NA,NA,NA,NA
317,6,1,2,P22,Local,Ambient_N,4,NA,NA,NA,NA,NA,NA
318,7,5,12,P22,Local,Ambient_N,6,NA,NA,NA,NA,NA,NA
319,1,3,16,P22,Local,N_Addition,2,NA,NA,NA,NA,NA,NA
320,1,5,19,P22,Local,N_Addition,3,NA,NA,NA,NA,NA,NA
321,3,5,20,P22,Local,N_Addition,5,NA,NA,NA,NA,NA,NA
322,6,3,19,P22,Local,N_Addition,4,41.3,5,0,0.121,0,0
323,8,6,14,P22,Local,N_Addition,6,NA,NA,NA,NA,NA,NA
324,9,3,15,P22,Local,N_Addition,1,NA,NA,NA,NA,NA,NA
325,1,6,13,P4,Nonlocal_R,Ambient_N,1,29.8,22,11,0.738,50,0.369
326,3,2,20,P4,Nonlocal_R,Ambient_N,2,56.2,14,9,0.249,64.286,0.16
327,4,6,4,P4,Nonlocal_R,Ambient_N,3,60.2,15,5,0.249,33.333,0.083
328,5,3,14,P4,Nonlocal_R,Ambient_N,4,49.8,32,15,0.643,46.875,0.301
329,5,3,15,P4,Nonlocal_R,Ambient_N,5,39.8,23,18,0.578,78.261,0.452
330,6,1,1,P4,Nonlocal_R,Ambient_N,6,48.8,6,2,0.123,33.333,0.041
331,1,5,14,P4,Nonlocal_R,N_Addition,2,42.9,14,14,0.326,100,0.326
332,3,2,6,P4,Nonlocal_R,N_Addition,3,25.2,11,7,0.437,63.636,0.278
333,7,3,8,P4,Nonlocal_R,N_Addition,4,38.6,21,3,0.544,14.286,0.078
334,8,1,18,P4,Nonlocal_R,N_Addition,5,54.7,50,45,0.914,90,0.823
335,8,5,10,P4,Nonlocal_R,N_Addition,6,27.6,3,0,0.109,0,0
336,9,1,11,P4,Nonlocal_R,N_Addition,1,35,19,14,0.543,73.684,0.4
337,1,3,4,P4,Nonlocal_U,Ambient_N,1,46.7,26,17,0.557,65.385,0.364
338,2,3,7,P4,Nonlocal_U,Ambient_N,2,NA,NA,NA,NA,NA,NA
339,3,3,2,P4,Nonlocal_U,Ambient_N,3,26.5,7,5,0.264,71.429,0.189
340,4,3,20,P4,Nonlocal_U,Ambient_N,4,36,39,23,1.083,58.974,0.639
341,8,2,16,P4,Nonlocal_U,Ambient_N,5,52.1,24,8,0.461,33.333,0.154
342,8,6,12,P4,Nonlocal_U,Ambient_N,6,43.7,37,32,0.847,86.486,0.732
343,1,2,9,P4,Nonlocal_U,N_Addition,2,49.6,25,11,0.504,44,0.222
344,2,2,3,P4,Nonlocal_U,N_Addition,3,73.7,21,9,0.285,42.857,0.122
345,2,4,2,P4,Nonlocal_U,N_Addition,4,38.5,26,22,0.675,84.615,0.571
346,3,6,19,P4,Nonlocal_U,N_Addition,5,44.3,24,11,0.542,45.833,0.248
347,5,5,2,P4,Nonlocal_U,N_Addition,6,28.8,11,4,0.382,36.364,0.139
348,9,2,9,P4,Nonlocal_U,N_Addition,1,45.6,15,2,0.329,13.333,0.044
349,4,5,16,P4,Local,Ambient_N,2,56.8,30,17,0.528,56.667,0.299
350,4,6,19,P4,Local,Ambient_N,3,36.3,23,11,0.634,47.826,0.303
351,7,4,11,P4,Local,Ambient_N,4,34.3,15,9,0.437,60,0.262
352,7,4,17,P4,Local,Ambient_N,5,34.7,44,28,1.268,63.636,0.807
353,7,5,1,P4,Local,Ambient_N,6,30.1,49,34,1.628,69.388,1.13
354,9,2,17,P4,Local,Ambient_N,1,NA,NA,NA,NA,NA,NA
355,2,6,15,P4,Local,N_Addition,2,NA,NA,NA,NA,NA,NA
356,5,1,20,P4,Local,N_Addition,3,52.9,49,33,0.926,67.347,0.624
357,6,2,18,P4,Local,N_Addition,4,49.4,26,10,0.526,38.462,0.202
358,6,4,4,P4,Local,N_Addition,5,63.1,29,16,0.46,55.172,0.254
359,6,5,19,P4,Local,N_Addition,6,41.9,64,59,1.527,92.188,1.408
360,9,5,12,P4,Local,N_Addition,1,35.2,47,7,1.335,14.894,0.199
361,2,6,4,P23,Nonlocal_R,Ambient_N,2,47.5,6,2,0.126,33.333,0.042
362,4,5,5,P23,Nonlocal_R,Ambient_N,3,6.7,7,2,1.045,28.571,0.299
363,6,3,12,P23,Nonlocal_R,Ambient_N,4,NA,NA,NA,NA,NA,NA
364,7,3,6,P23,Nonlocal_R,Ambient_N,5,NA,NA,NA,NA,NA,NA
365,7,4,14,P23,Nonlocal_R,Ambient_N,6,49.6,19,8,0.383,42.105,0.161
366,9,2,14,P23,Nonlocal_R,Ambient_N,1,36.3,10,7,0.275,70,0.193
367,1,3,20,P23,Nonlocal_R,N_Addition,1,42,29,14,0.69,48.276,0.333
368,2,1,2,P23,Nonlocal_R,N_Addition,2,NA,NA,NA,NA,NA,NA
369,5,5,12,P23,Nonlocal_R,N_Addition,3,64.8,20,16,0.309,80,0.247
370,5,5,17,P23,Nonlocal_R,N_Addition,4,57.1,15,12,0.263,80,0.21
371,6,1,12,P23,Nonlocal_R,N_Addition,5,41,18,6,0.439,33.333,0.146
372,8,1,12,P23,Nonlocal_R,N_Addition,6,NA,NA,NA,NA,NA,NA
373,2,6,20,P23,Nonlocal_U,Ambient_N,1,44.2,16,0,0.362,0,0
374,3,6,12,P23,Nonlocal_U,Ambient_N,2,28.6,14,1,0.49,7.143,0.035
375,4,2,2,P23,Nonlocal_U,Ambient_N,3,36.4,7,0,0.192,0,0
376,5,1,15,P23,Nonlocal_U,Ambient_N,4,NA,NA,NA,NA,NA,NA
377,6,6,3,P23,Nonlocal_U,Ambient_N,5,34.2,10,3,0.292,30,0.088
378,8,1,10,P23,Nonlocal_U,Ambient_N,6,NA,NA,NA,NA,NA,NA
379,3,5,10,P23,Nonlocal_U,N_Addition,2,NA,NA,NA,NA,NA,NA
380,3,6,5,P23,Nonlocal_U,N_Addition,3,80.9,23,4,0.284,17.391,0.049
381,4,2,11,P23,Nonlocal_U,N_Addition,4,47.7,25,0,0.524,0,0
382,4,3,2,P23,Nonlocal_U,N_Addition,5,NA,NA,NA,NA,NA,NA
383,7,3,1,P23,Nonlocal_U,N_Addition,6,41.8,26,3,0.622,11.538,0.072
384,9,6,1,P23,Nonlocal_U,N_Addition,1,46.4,6,6,0.129,100,0.129
385,1,2,3,P23,Local,Ambient_N,2,NA,NA,NA,NA,NA,NA
386,1,3,13,P23,Local,Ambient_N,3,29.5,17,5,0.576,29.412,0.169
387,6,6,4,P23,Local,Ambient_N,4,NA,NA,NA,NA,NA,NA
388,7,4,19,P23,Local,Ambient_N,5,45.1,46,27,1.02,58.696,0.599
389,8,6,19,P23,Local,Ambient_N,6,16.4,18,9,1.098,50,0.549
390,9,6,3,P23,Local,Ambient_N,1,30.1,6,2,0.199,33.333,0.066
391,1,6,4,P23,Local,N_Addition,2,78.2,24,15,0.307,62.5,0.192
392,2,3,14,P23,Local,N_Addition,3,49.7,2,0,0.04,0,0
393,3,3,5,P23,Local,N_Addition,4,NA,NA,NA,NA,NA,NA
394,5,5,9,P23,Local,N_Addition,5,58.6,22,6,0.375,27.273,0.102
395,8,3,1,P23,Local,N_Addition,6,NA,NA,NA,NA,NA,NA
396,9,4,2,P23,Local,N_Addition,1,55.3,13,8,0.235,61.538,0.145
397,1,4,12,P25,Nonlocal_R,Ambient_N,2,NA,NA,NA,NA,NA,NA
398,2,5,11,P25,Nonlocal_R,Ambient_N,3,NA,NA,NA,NA,NA,NA
399,4,6,16,P25,Nonlocal_R,Ambient_N,4,NA,NA,NA,NA,NA,NA
400,7,5,2,P25,Nonlocal_R,Ambient_N,5,NA,NA,NA,NA,NA,NA
401,8,3,20,P25,Nonlocal_R,Ambient_N,6,10.6,15,0,1.415,0,0
402,9,6,16,P25,Nonlocal_R,Ambient_N,1,35.7,16,11,0.448,68.75,0.308
403,1,6,11,P25,Nonlocal_R,N_Addition,1,43.3,16,15,0.37,93.75,0.346
404,4,6,7,P25,Nonlocal_R,N_Addition,3,51.6,17,4,0.329,23.529,0.078
405,5,2,17,P25,Nonlocal_R,N_Addition,2,44.7,8,4,0.179,50,0.089
406,5,3,16,P25,Nonlocal_R,N_Addition,4,NA,NA,NA,NA,NA,NA
407,5,6,14,P25,Nonlocal_R,N_Addition,5,75.1,13,3,0.173,23.077,0.04
408,8,5,17,P25,Nonlocal_R,N_Addition,6,NA,NA,NA,NA,NA,NA
409,2,3,18,P25,Nonlocal_U,Ambient_N,1,12.4,3,1,0.242,33.333,0.081
410,3,2,12,P25,Nonlocal_U,Ambient_N,3,NA,NA,NA,NA,NA,NA
411,3,3,10,P25,Nonlocal_U,Ambient_N,4,6.1,8,5,1.311,62.5,0.82
412,3,4,2,P25,Nonlocal_U,Ambient_N,6,NA,NA,NA,NA,NA,NA
413,6,2,12,P25,Nonlocal_U,Ambient_N,2,NA,NA,NA,NA,NA,NA
414,8,4,10,P25,Nonlocal_U,Ambient_N,5,NA,NA,NA,NA,NA,NA
415,1,3,8,P25,Nonlocal_U,N_Addition,2,NA,NA,NA,NA,NA,NA
416,4,6,11,P25,Nonlocal_U,N_Addition,6,NA,NA,NA,NA,NA,NA
417,7,2,5,P25,Nonlocal_U,N_Addition,4,NA,NA,NA,NA,NA,NA
418,7,3,20,P25,Nonlocal_U,N_Addition,3,NA,NA,NA,NA,NA,NA
419,8,3,17,P25,Nonlocal_U,N_Addition,5,NA,NA,NA,NA,NA,NA
420,9,5,5,P25,Nonlocal_U,N_Addition,1,NA,NA,NA,NA,NA,NA
421,2,3,8,P25,Local,Ambient_N,2,20.4,3,1,0.147,33.333,0.049
422,3,1,2,P25,Local,Ambient_N,3,20.7,17,4,0.821,23.529,0.193
423,5,2,3,P25,Local,Ambient_N,6,7.4,6,3,0.811,50,0.405
424,6,2,11,P25,Local,Ambient_N,5,NA,NA,NA,NA,NA,NA
425,6,3,3,P25,Local,Ambient_N,4,NA,NA,NA,NA,NA,NA
426,9,3,8,P25,Local,Ambient_N,1,NA,NA,NA,NA,NA,NA
427,1,5,15,P25,Local,N_Addition,2,43.5,32,0,0.736,0,0
428,2,4,1,P25,Local,N_Addition,3,36.3,66,45,1.818,68.182,1.24
429,4,1,19,P25,Local,N_Addition,4,56.9,22,1,0.387,4.545,0.018
430,6,2,4,P25,Local,N_Addition,5,NA,NA,NA,NA,NA,NA
431,7,2,9,P25,Local,N_Addition,6,35.1,27,13,0.769,48.148,0.37
432,9,5,13,P25,Local,N_Addition,1,75.5,22,2,0.291,9.091,0.026
433,1,1,20,P26,Nonlocal_R,Ambient_N,2,50.5,33,21,0.653,63.636,0.416
434,6,1,3,P26,Nonlocal_R,Ambient_N,4,47.7,4,2,0.084,50,0.042
435,7,2,18,P26,Nonlocal_R,Ambient_N,5,57.4,15,10,0.261,66.667,0.174
436,7,4,3,P26,Nonlocal_R,Ambient_N,6,NA,NA,NA,NA,NA,NA
437,8,6,10,P26,Nonlocal_R,Ambient_N,3,13,36,36,2.769,100,2.769
438,9,2,4,P26,Nonlocal_R,Ambient_N,1,35.5,7,7,0.197,100,0.197
439,2,3,9,P26,Nonlocal_R,N_Addition,3,NA,NA,NA,NA,NA,NA
440,4,4,7,P26,Nonlocal_R,N_Addition,6,51.6,11,6,0.213,54.545,0.116
441,8,2,19,P26,Nonlocal_R,N_Addition,4,47.5,9,3,0.189,33.333,0.063
442,8,5,4,P26,Nonlocal_R,N_Addition,5,35.5,7,0,0.197,0,0
443,9,5,3,P26,Nonlocal_R,N_Addition,1,47.9,38,7,0.793,18.421,0.146
444,9,5,11,P26,Nonlocal_R,N_Addition,2,NA,NA,NA,NA,NA,NA
445,1,5,20,P26,Nonlocal_U,Ambient_N,2,43.8,10,6,0.228,60,0.137
446,3,6,10,P26,Nonlocal_U,Ambient_N,3,NA,NA,NA,NA,NA,NA
447,5,3,7,P26,Nonlocal_U,Ambient_N,4,9.7,0,0,0,0,0
448,6,2,20,P26,Nonlocal_U,Ambient_N,5,NA,NA,NA,NA,NA,NA
449,6,5,16,P26,Nonlocal_U,Ambient_N,6,18.5,0,0,0,0,0
450,9,6,2,P26,Nonlocal_U,Ambient_N,1,44.8,25,13,0.558,52,0.29
451,1,4,17,P26,Nonlocal_U,N_Addition,1,52.2,0,0,0,0,0
452,2,1,6,P26,Nonlocal_U,N_Addition,2,56.3,18,7,0.32,38.889,0.124
453,2,5,18,P26,Nonlocal_U,N_Addition,3,42,5,5,0.119,100,0.119
454,4,2,3,P26,Nonlocal_U,N_Addition,4,NA,NA,NA,NA,NA,NA
455,5,6,15,P26,Nonlocal_U,N_Addition,5,41.5,16,14,0.386,87.5,0.337
456,6,1,18,P26,Nonlocal_U,N_Addition,6,NA,NA,NA,NA,NA,NA
457,1,5,13,P26,Local,Ambient_N,1,24.4,13,7,0.533,53.846,0.287
458,3,3,20,P26,Local,Ambient_N,2,62.8,22,11,0.35,50,0.175
459,5,5,8,P26,Local,Ambient_N,3,NA,NA,NA,NA,NA,NA
460,5,5,14,P26,Local,Ambient_N,4,NA,NA,NA,NA,NA,NA
461,7,2,17,P26,Local,Ambient_N,5,NA,NA,NA,NA,NA,NA
462,8,5,13,P26,Local,Ambient_N,6,26.7,11,0,0.412,0,0
463,2,3,12,P26,Local,N_Addition,1,32.5,22,4,0.677,18.182,0.123
464,3,2,15,P26,Local,N_Addition,2,47.6,12,0,0.252,0,0
465,3,3,8,P26,Local,N_Addition,3,100.3,18,0,0.179,0,0
466,4,2,14,P26,Local,N_Addition,4,49.5,22,11,0.444,50,0.222
467,4,3,10,P26,Local,N_Addition,5,35.4,10,1,0.282,10,0.028
468,7,4,2,P26,Local,N_Addition,6,53.8,14,11,0.26,78.571,0.204
469,2,3,10,P28,Nonlocal_R,Ambient_N,6,NA,NA,NA,NA,NA,NA
470,6,1,11,P28,Nonlocal_R,Ambient_N,4,28,1,0,0.036,0,0
471,7,6,4,P28,Nonlocal_R,Ambient_N,5,38.2,15,8,0.393,53.333,0.209
472,9,3,6,P28,Nonlocal_R,Ambient_N,1,32.8,15,3,0.457,20,0.091
473,9,5,7,P28,Nonlocal_R,Ambient_N,3,NA,NA,NA,NA,NA,NA
474,9,6,4,P28,Nonlocal_R,Ambient_N,2,NA,NA,NA,NA,NA,NA
475,1,2,1,P28,Nonlocal_R,N_Addition,3,35.3,12,6,0.34,50,0.17
476,2,3,5,P28,Nonlocal_R,N_Addition,2,NA,NA,NA,NA,NA,NA
477,3,3,6,P28,Nonlocal_R,N_Addition,1,73.1,31,13,0.424,41.935,0.178
478,3,5,13,P28,Nonlocal_R,N_Addition,4,35.7,6,5,0.168,83.333,0.14
479,6,6,10,P28,Nonlocal_R,N_Addition,5,NA,NA,NA,NA,NA,NA
480,8,5,8,P28,Nonlocal_R,N_Addition,6,52,2,2,0.038,100,0.038
481,1,6,12,P28,Nonlocal_U,Ambient_N,1,NA,NA,NA,NA,NA,NA
482,2,4,7,P28,Nonlocal_U,Ambient_N,2,NA,NA,NA,NA,NA,NA
483,3,6,2,P28,Nonlocal_U,Ambient_N,3,12.2,0,0,0,0,0
484,4,2,1,P28,Nonlocal_U,Ambient_N,5,51.2,0,0,0,0,0
485,4,4,20,P28,Nonlocal_U,Ambient_N,4,49.6,3,0,0.06,0,0
486,8,1,1,P28,Nonlocal_U,Ambient_N,6,NA,NA,NA,NA,NA,NA
487,4,4,4,P28,Nonlocal_U,N_Addition,3,44,1,0,0.023,0,0
488,5,3,18,P28,Nonlocal_U,N_Addition,2,73,6,4,0.082,66.667,0.055
489,7,3,14,P28,Nonlocal_U,N_Addition,4,NA,NA,NA,NA,NA,NA
490,7,5,4,P28,Nonlocal_U,N_Addition,5,53.4,0,0,0,0,0
491,8,6,18,P28,Nonlocal_U,N_Addition,6,42.3,0,0,0,0,0
492,9,2,3,P28,Nonlocal_U,N_Addition,1,48,1,1,0.021,100,0.021
493,2,2,14,P28,Local,Ambient_N,1,43.7,28,16,0.641,57.143,0.366
494,3,5,18,P28,Local,Ambient_N,2,NA,NA,NA,NA,NA,NA
495,5,4,13,P28,Local,Ambient_N,6,74.8,34,29,0.455,85.294,0.388
496,5,6,9,P28,Local,Ambient_N,3,39.1,10,1,0.256,10,0.026
497,6,1,16,P28,Local,Ambient_N,4,NA,NA,NA,NA,NA,NA
498,7,1,1,P28,Local,Ambient_N,5,36.7,41,24,1.117,58.537,0.654
499,1,2,11,P28,Local,N_Addition,1,49.3,22,19,0.446,86.364,0.385
500,1,6,1,P28,Local,N_Addition,2,40.6,0,0,0,0,0
501,4,1,3,P28,Local,N_Addition,3,41.9,9,4,0.215,44.444,0.095
502,5,4,19,P28,Local,N_Addition,4,30.2,21,7,0.695,33.333,0.232
503,6,3,6,P28,Local,N_Addition,5,57.8,12,6,0.208,50,0.104
504,8,3,11,P28,Local,N_Addition,6,NA,NA,NA,NA,NA,NA
505,1,5,8,P29,Nonlocal_R,Ambient_N,1,49.3,24,14,0.487,58.333,0.284
506,4,5,4,P29,Nonlocal_R,Ambient_N,2,57.1,18,6,0.315,33.333,0.105
507,6,4,12,P29,Nonlocal_R,Ambient_N,3,33,21,2,0.636,9.524,0.061
508,8,2,5,P29,Nonlocal_R,Ambient_N,4,56.1,11,5,0.196,45.455,0.089
509,8,4,6,P29,Nonlocal_R,Ambient_N,5,39.1,8,4,0.205,50,0.102
510,9,4,8,P29,Nonlocal_R,Ambient_N,6,8,13,0,1.625,0,0
511,1,6,3,P29,Nonlocal_R,N_Addition,1,NA,NA,NA,NA,NA,NA
512,2,2,15,P29,Nonlocal_R,N_Addition,2,44.8,14,13,0.313,92.857,0.29
513,5,4,5,P29,Nonlocal_R,N_Addition,3,52.6,19,5,0.361,26.316,0.095
514,5,4,9,P29,Nonlocal_R,N_Addition,4,65.2,7,3,0.107,42.857,0.046
515,5,5,19,P29,Nonlocal_R,N_Addition,5,55.4,21,0,0.379,0,0
516,7,3,5,P29,Nonlocal_R,N_Addition,6,81.7,11,7,0.135,63.636,0.086
517,2,4,10,P29,Nonlocal_U,Ambient_N,1,15.8,8,1,0.506,12.5,0.063
518,2,5,16,P29,Nonlocal_U,Ambient_N,2,33.9,18,10,0.531,55.556,0.295
519,3,4,18,P29,Nonlocal_U,Ambient_N,3,31.3,41,0,1.31,0,0
520,7,5,13,P29,Nonlocal_U,Ambient_N,4,45.3,11,2,0.243,18.182,0.044
521,8,3,6,P29,Nonlocal_U,Ambient_N,5,34,1,0,0.029,0,0
522,8,4,12,P29,Nonlocal_U,Ambient_N,6,34.2,17,1,0.497,5.882,0.029
523,1,3,10,P29,Nonlocal_U,N_Addition,1,41.3,16,10,0.387,62.5,0.242
524,3,3,16,P29,Nonlocal_U,N_Addition,2,53.1,12,2,0.226,16.667,0.038
525,4,5,12,P29,Nonlocal_U,N_Addition,3,83.1,14,4,0.168,28.571,0.048
526,5,4,10,P29,Nonlocal_U,N_Addition,4,27,3,1,0.111,33.333,0.037
527,6,2,9,P29,Nonlocal_U,N_Addition,5,39,58,10,1.487,17.241,0.256
528,9,2,1,P29,Nonlocal_U,N_Addition,6,74,15,12,0.203,80,0.162
529,3,1,15,P29,Local,Ambient_N,1,53.2,13,2,0.244,15.385,0.038
530,3,3,1,P29,Local,Ambient_N,2,32.8,11,1,0.335,9.091,0.03
531,4,2,5,P29,Local,Ambient_N,3,50.1,37,17,0.739,45.946,0.339
532,4,5,1,P29,Local,Ambient_N,4,64,24,3,0.375,12.5,0.047
533,6,2,14,P29,Local,Ambient_N,5,54.6,19,5,0.348,26.316,0.092
534,9,2,18,P29,Local,Ambient_N,6,45.3,26,13,0.574,50,0.287
535,1,3,15,P29,Local,N_Addition,1,54.7,30,9,0.548,30,0.165
536,2,4,12,P29,Local,N_Addition,2,36,28,9,0.778,32.143,0.25
537,6,2,10,P29,Local,N_Addition,3,60.9,17,9,0.279,52.941,0.148
538,7,1,5,P29,Local,N_Addition,4,NA,NA,NA,NA,NA,NA
539,7,4,9,P29,Local,N_Addition,5,60.9,17,9,0.279,52.941,0.148
540,9,5,14,P29,Local,N_Addition,6,41.1,40,11,0.973,27.5,0.268
541,2,5,14,P30,Nonlocal_R,Ambient_N,3,42.4,9,6,0.212,66.667,0.142
542,3,4,13,P30,Nonlocal_R,Ambient_N,2,41.8,13,3,0.311,23.077,0.072
543,4,3,19,P30,Nonlocal_R,Ambient_N,4,41,23,10,0.561,43.478,0.244
544,6,3,16,P30,Nonlocal_R,Ambient_N,1,49.1,21,2,0.428,9.524,0.041
545,8,2,1,P30,Nonlocal_R,Ambient_N,5,46.9,10,2,0.213,20,0.043
546,9,4,10,P30,Nonlocal_R,Ambient_N,6,53.5,10,7,0.187,70,0.131
547,3,1,5,P30,Nonlocal_R,N_Addition,1,37.1,9,1,0.243,11.111,0.027
548,3,1,20,P30,Nonlocal_R,N_Addition,2,NA,NA,NA,NA,NA,NA
549,4,6,17,P30,Nonlocal_R,N_Addition,3,79.6,5,1,0.063,20,0.013
550,5,4,14,P30,Nonlocal_R,N_Addition,4,NA,NA,NA,NA,NA,NA
551,7,5,15,P30,Nonlocal_R,N_Addition,5,68.4,28,9,0.409,32.143,0.132
552,8,3,15,P30,Nonlocal_R,N_Addition,6,46.4,13,1,0.28,7.692,0.022
553,1,2,20,P30,Nonlocal_U,Ambient_N,1,57.3,12,10,0.209,83.333,0.175
554,2,4,5,P30,Nonlocal_U,Ambient_N,2,NA,NA,NA,NA,NA,NA
555,4,5,13,P30,Nonlocal_U,Ambient_N,3,46.8,18,2,0.385,11.111,0.043
556,7,4,7,P30,Nonlocal_U,Ambient_N,4,34,26,18,0.765,69.231,0.529
557,8,4,13,P30,Nonlocal_U,Ambient_N,5,33.3,10,2,0.3,20,0.06
558,8,5,15,P30,Nonlocal_U,Ambient_N,6,20.3,32,14,1.576,43.75,0.69
559,1,3,11,P30,Nonlocal_U,N_Addition,1,71.5,22,2,0.308,9.091,0.028
560,1,4,20,P30,Nonlocal_U,N_Addition,2,47.3,10,3,0.211,30,0.063
561,4,5,6,P30,Nonlocal_U,N_Addition,3,41.6,16,0,0.385,0,0
562,7,3,17,P30,Nonlocal_U,N_Addition,4,103.8,3,3,0.029,100,0.029
563,7,6,17,P30,Nonlocal_U,N_Addition,5,37,27,13,0.73,48.148,0.351
564,9,6,13,P30,Nonlocal_U,N_Addition,6,92.7,14,0,0.151,0,0
565,1,6,6,P30,Local,Ambient_N,1,NA,NA,NA,NA,NA,NA
566,2,2,18,P30,Local,Ambient_N,2,35.3,29,8,0.822,27.586,0.227
567,5,6,6,P30,Local,Ambient_N,3,57.2,29,14,0.507,48.276,0.245
568,6,1,17,P30,Local,Ambient_N,4,80.7,19,4,0.235,21.053,0.05
569,9,2,15,P30,Local,Ambient_N,5,66.7,31,3,0.465,9.677,0.045
570,9,3,4,P30,Local,Ambient_N,6,29.3,6,5,0.205,83.333,0.171
571,2,5,9,P30,Local,N_Addition,1,44.5,35,4,0.787,11.429,0.09
572,3,5,4,P30,Local,N_Addition,2,32.5,23,0,0.708,0,0
573,5,2,13,P30,Local,N_Addition,3,43.9,24,11,0.547,45.833,0.251
574,5,5,13,P30,Local,N_Addition,4,39.7,20,2,0.504,10,0.05
575,6,4,5,P30,Local,N_Addition,5,41.7,16,5,0.384,31.25,0.12
576,6,5,7,P30,Local,N_Addition,6,NA,NA,NA,NA,NA,NA
577,1,1,19,P31,Nonlocal_R,Ambient_N,1,NA,NA,NA,NA,NA,NA
578,4,5,15,P31,Nonlocal_R,Ambient_N,2,55.2,18,10,0.326,55.556,0.181
579,5,4,15,P31,Nonlocal_R,Ambient_N,3,57.7,11,5,0.191,45.455,0.087
580,6,5,13,P31,Nonlocal_R,Ambient_N,4,29.7,9,2,0.303,22.222,0.067
581,7,4,20,P31,Nonlocal_R,Ambient_N,5,50.9,31,24,0.609,77.419,0.472
582,9,3,9,P31,Nonlocal_R,Ambient_N,6,29.1,12,4,0.412,33.333,0.137
583,1,2,14,P31,Nonlocal_R,N_Addition,1,NA,NA,NA,NA,NA,NA
584,1,3,6,P31,Nonlocal_R,N_Addition,2,NA,NA,NA,NA,NA,NA
585,2,6,17,P31,Nonlocal_R,N_Addition,3,24.7,1,0,0.04,0,0
586,5,5,4,P31,Nonlocal_R,N_Addition,4,62,6,6,0.097,100,0.097
587,7,3,2,P31,Nonlocal_R,N_Addition,5,NA,NA,NA,NA,NA,NA
588,9,6,15,P31,Nonlocal_R,N_Addition,6,57.6,2,0,0.035,0,0
589,3,3,15,P31,Nonlocal_U,Ambient_N,1,31.6,12,0,0.38,0,0
590,4,1,6,P31,Nonlocal_U,Ambient_N,2,47.1,12,3,0.255,25,0.064
591,6,1,9,P31,Nonlocal_U,Ambient_N,5,6.5,13,3,2,23.077,0.462
592,7,2,6,P31,Nonlocal_U,Ambient_N,4,15.4,16,11,1.039,68.75,0.714
593,8,4,7,P31,Nonlocal_U,Ambient_N,3,43.6,21,8,0.482,38.095,0.183
594,9,3,7,P31,Nonlocal_U,Ambient_N,6,17.4,1,0,0.057,0,0
595,2,5,17,P31,Nonlocal_U,N_Addition,1,36.8,20,5,0.543,25,0.136
596,2,6,9,P31,Nonlocal_U,N_Addition,2,30.3,18,4,0.594,22.222,0.132
597,3,2,18,P31,Nonlocal_U,N_Addition,3,52.2,30,18,0.575,60,0.345
598,4,5,2,P31,Nonlocal_U,N_Addition,4,NA,NA,NA,NA,NA,NA
599,6,4,16,P31,Nonlocal_U,N_Addition,5,33.5,17,0,0.507,0,0
600,8,4,3,P31,Nonlocal_U,N_Addition,6,36.4,5,0,0.137,0,0
601,1,3,5,P31,Local,Ambient_N,1,14.7,31,11,2.109,35.484,0.748
602,3,4,14,P31,Local,Ambient_N,2,NA,NA,NA,NA,NA,NA
603,4,3,9,P31,Local,Ambient_N,3,31.2,8,3,0.256,37.5,0.096
604,5,5,3,P31,Local,Ambient_N,5,NA,NA,NA,NA,NA,NA
605,6,3,11,P31,Local,Ambient_N,4,NA,NA,NA,NA,NA,NA
606,8,5,6,P31,Local,Ambient_N,6,29.4,29,14,0.986,48.276,0.476
607,2,6,6,P31,Local,N_Addition,1,55.9,58,0,1.038,0,0
608,3,6,3,P31,Local,N_Addition,2,40.5,18,0,0.444,0,0
609,5,6,2,P31,Local,N_Addition,3,NA,NA,NA,NA,NA,NA
610,7,1,3,P31,Local,N_Addition,4,40.6,7,1,0.172,14.286,0.025
611,8,2,17,P31,Local,N_Addition,5,58,9,5,0.155,55.556,0.086
612,9,4,19,P31,Local,N_Addition,6,32.5,4,3,0.123,75,0.092
613,5,1,6,P32,Nonlocal_R,Ambient_N,1,63.8,15,4,0.235,26.667,0.063
614,6,1,20,P32,Nonlocal_R,Ambient_N,3,42.4,15,4,0.354,26.667,0.094
615,8,6,6,P32,Nonlocal_R,Ambient_N,4,35.6,8,7,0.225,87.5,0.197
616,9,1,9,P32,Nonlocal_R,Ambient_N,5,39.4,7,7,0.178,100,0.178
617,9,4,20,P32,Nonlocal_R,Ambient_N,2,31.3,0,0,0,0,0
618,9,5,4,P32,Nonlocal_R,Ambient_N,6,26.8,7,3,0.261,42.857,0.112
619,3,4,15,P32,Nonlocal_R,N_Addition,1,49.6,17,4,0.343,23.529,0.081
620,3,5,9,P32,Nonlocal_R,N_Addition,2,76.6,26,21,0.339,80.769,0.274
621,4,1,13,P32,Nonlocal_R,N_Addition,3,68.1,17,3,0.25,17.647,0.044
622,4,2,19,P32,Nonlocal_R,N_Addition,4,40.7,42,8,1.032,19.048,0.197
623,6,3,14,P32,Nonlocal_R,N_Addition,5,43,13,2,0.302,15.385,0.047
624,7,5,10,P32,Nonlocal_R,N_Addition,6,35.4,13,4,0.367,30.769,0.113
625,1,1,7,P32,Nonlocal_U,Ambient_N,1,42.9,19,14,0.443,73.684,0.326
626,1,3,14,P32,Nonlocal_U,Ambient_N,2,43.8,23,10,0.525,43.478,0.228
627,2,2,12,P32,Nonlocal_U,Ambient_N,3,4.5,14,0,3.111,0,0
628,6,2,5,P32,Nonlocal_U,Ambient_N,4,15.2,13,2,0.855,15.385,0.132
629,7,3,15,P32,Nonlocal_U,Ambient_N,5,46.6,16,10,0.343,62.5,0.215
630,7,5,19,P32,Nonlocal_U,Ambient_N,6,28.1,19,16,0.676,84.211,0.569
631,1,4,3,P32,Nonlocal_U,N_Addition,1,56.2,1,1,0.018,100,0.018
632,1,6,20,P32,Nonlocal_U,N_Addition,2,36.5,10,7,0.274,70,0.192
633,3,4,5,P32,Nonlocal_U,N_Addition,3,43.9,21,6,0.478,28.571,0.137
634,5,2,15,P32,Nonlocal_U,N_Addition,5,47.6,18,12,0.378,66.667,0.252
635,7,5,16,P32,Nonlocal_U,N_Addition,4,40.8,29,22,0.711,75.862,0.539
636,8,1,14,P32,Nonlocal_U,N_Addition,6,85.1,19,15,0.223,78.947,0.176
637,2,1,3,P32,Local,Ambient_N,1,56.2,33,7,0.587,21.212,0.125
638,4,3,5,P32,Local,Ambient_N,2,56,10,7,0.179,70,0.125
639,6,3,7,P32,Local,Ambient_N,3,46.1,22,3,0.477,13.636,0.065
640,8,2,14,P32,Local,Ambient_N,4,67.8,31,18,0.457,58.065,0.265
641,8,4,5,P32,Local,Ambient_N,5,46.2,15,14,0.325,93.333,0.303
642,9,5,18,P32,Local,Ambient_N,6,NA,NA,NA,NA,NA,NA
643,2,4,3,P32,Local,N_Addition,1,81.6,28,20,0.343,71.429,0.245
644,2,5,5,P32,Local,N_Addition,2,47.9,59,12,1.232,20.339,0.251
645,3,5,7,P32,Local,N_Addition,3,33.1,16,3,0.483,18.75,0.091
646,4,3,1,P32,Local,N_Addition,4,61.1,7,4,0.115,57.143,0.065
647,5,3,11,P32,Local,N_Addition,5,NA,NA,NA,NA,NA,NA
648,5,4,11,P32,Local,N_Addition,6,34.1,9,2,0.264,22.222,0.059
649,1,2,18,P34,Nonlocal_R,Ambient_N,1,NA,NA,NA,NA,NA,NA
650,6,2,8,P34,Nonlocal_R,Ambient_N,2,NA,NA,NA,NA,NA,NA
651,7,1,14,P34,Nonlocal_R,Ambient_N,3,NA,NA,NA,NA,NA,NA
652,7,2,16,P34,Nonlocal_R,Ambient_N,4,38.2,4,2,0.105,50,0.052
653,8,1,11,P34,Nonlocal_R,Ambient_N,5,47.6,11,9,0.231,81.818,0.189
654,9,4,11,P34,Nonlocal_R,Ambient_N,6,23.9,12,0,0.502,0,0
655,2,5,2,P34,Nonlocal_R,N_Addition,1,65.7,10,10,0.152,100,0.152
656,3,3,9,P34,Nonlocal_R,N_Addition,2,71.4,0,0,0,0,0
657,4,6,1,P34,Nonlocal_R,N_Addition,3,49.2,13,0,0.264,0,0
658,5,2,7,P34,Nonlocal_R,N_Addition,4,36.6,29,5,0.792,17.241,0.137
659,5,6,17,P34,Nonlocal_R,N_Addition,5,49.4,3,0,0.061,0,0
660,8,6,1,P34,Nonlocal_R,N_Addition,6,40.8,0,0,0,0,0
661,2,6,8,P34,Nonlocal_U,Ambient_N,1,40.3,24,1,0.596,4.167,0.025
662,3,5,19,P34,Nonlocal_U,Ambient_N,2,61.2,25,16,0.408,64,0.261
663,6,3,15,P34,Nonlocal_U,Ambient_N,3,43.3,13,0,0.3,0,0
664,7,5,9,P34,Nonlocal_U,Ambient_N,4,10.5,5,1,0.476,20,0.095
665,9,2,12,P34,Nonlocal_U,Ambient_N,5,NA,NA,NA,NA,NA,NA
666,9,3,1,P34,Nonlocal_U,Ambient_N,6,42.4,9,8,0.212,88.889,0.189
667,2,1,5,P34,Nonlocal_U,N_Addition,1,75,24,10,0.32,41.667,0.133
668,2,3,2,P34,Nonlocal_U,N_Addition,2,60.8,20,19,0.329,95,0.313
669,4,6,10,P34,Nonlocal_U,N_Addition,3,56.6,12,12,0.212,100,0.212
670,5,6,19,P34,Nonlocal_U,N_Addition,4,39.1,19,5,0.486,26.316,0.128
671,6,3,4,P34,Nonlocal_U,N_Addition,5,60.2,3,0,0.05,0,0
672,6,5,8,P34,Nonlocal_U,N_Addition,6,84.9,20,0,0.236,0,0
673,1,6,2,P34,Local,Ambient_N,2,29.3,8,5,0.273,62.5,0.171
674,1,6,15,P34,Local,Ambient_N,1,31.2,40,14,1.282,35,0.449
675,3,1,17,P34,Local,Ambient_N,3,44.4,35,15,0.788,42.857,0.338
676,3,4,19,P34,Local,Ambient_N,4,34.4,29,16,0.843,55.172,0.465
677,7,2,14,P34,Local,Ambient_N,5,44.7,15,3,0.336,20,0.067
678,8,4,19,P34,Local,Ambient_N,6,35.6,35,21,0.983,60,0.59
679,1,6,17,P34,Local,N_Addition,1,53,13,4,0.245,30.769,0.075
680,4,3,18,P34,Local,N_Addition,2,NA,NA,NA,NA,NA,NA
681,4,5,10,P34,Local,N_Addition,3,NA,NA,NA,NA,NA,NA
682,5,5,15,P34,Local,N_Addition,4,44.6,30,12,0.673,40,0.269
683,8,2,18,P34,Local,N_Addition,5,46,21,18,0.457,85.714,0.391
684,9,3,14,P34,Local,N_Addition,6,47.4,21,3,0.443,14.286,0.063
685,1,5,18,P36,Nonlocal_R,Ambient_N,1,76.1,9,5,0.118,55.556,0.066
686,2,4,6,P36,Nonlocal_R,Ambient_N,2,NA,NA,NA,NA,NA,NA
687,3,6,13,P36,Nonlocal_R,Ambient_N,3,41.5,14,10,0.337,71.429,0.241
688,4,2,16,P36,Nonlocal_R,Ambient_N,4,36.8,6,0,0.163,0,0
689,8,1,15,P36,Nonlocal_R,Ambient_N,5,51.8,9,0,0.174,0,0
690,9,4,14,P36,Nonlocal_R,Ambient_N,6,32.4,1,0,0.031,0,0
691,1,5,5,P36,Nonlocal_R,N_Addition,1,47.7,2,0,0.042,0,0
692,2,6,14,P36,Nonlocal_R,N_Addition,2,64.4,0,0,0,0,0
693,3,1,19,P36,Nonlocal_R,N_Addition,3,58.4,10,7,0.171,70,0.12
694,6,5,14,P36,Nonlocal_R,N_Addition,4,46.7,6,1,0.128,16.667,0.021
695,8,6,13,P36,Nonlocal_R,N_Addition,5,36.3,11,0,0.303,0,0
696,9,2,6,P36,Nonlocal_R,N_Addition,6,59.4,5,4,0.084,80,0.067
697,1,5,1,P36,Nonlocal_U,Ambient_N,4,42.9,29,18,0.676,62.069,0.42
698,3,1,7,P36,Nonlocal_U,Ambient_N,2,38.8,11,1,0.284,9.091,0.026
699,5,1,17,P36,Nonlocal_U,Ambient_N,3,46.1,11,5,0.239,45.455,0.108
700,6,5,18,P36,Nonlocal_U,Ambient_N,1,65.3,17,14,0.26,82.353,0.214
701,7,2,15,P36,Nonlocal_U,Ambient_N,5,NA,NA,NA,NA,NA,NA
702,7,4,5,P36,Nonlocal_U,Ambient_N,6,59.7,19,9,0.318,47.368,0.151
703,1,2,15,P36,Nonlocal_U,N_Addition,1,40.4,29,4,0.718,13.793,0.099
704,4,1,10,P36,Nonlocal_U,N_Addition,2,50.9,20,10,0.393,50,0.196
705,5,2,5,P36,Nonlocal_U,N_Addition,3,NA,NA,NA,NA,NA,NA
706,5,6,11,P36,Nonlocal_U,N_Addition,4,52.5,25,16,0.476,64,0.305
707,7,6,1,P36,Nonlocal_U,N_Addition,5,38.2,9,8,0.236,88.889,0.209
708,9,3,19,P36,Nonlocal_U,N_Addition,6,69.5,22,16,0.317,72.727,0.23
709,2,1,7,P36,Local,Ambient_N,1,49.2,19,4,0.386,21.053,0.081
710,4,4,15,P36,Local,Ambient_N,2,23,5,0,0.217,0,0
711,5,6,10,P36,Local,Ambient_N,3,45.9,29,6,0.632,20.69,0.131
712,6,5,2,P36,Local,Ambient_N,4,26.8,7,1,0.261,14.286,0.037
713,7,6,2,P36,Local,Ambient_N,5,25.1,20,9,0.797,45,0.359
714,8,1,7,P36,Local,Ambient_N,6,50.5,18,8,0.356,44.444,0.158
715,2,3,11,P36,Local,N_Addition,1,NA,NA,NA,NA,NA,NA
716,3,4,16,P36,Local,N_Addition,2,73.5,41,1,0.558,2.439,0.014
717,4,2,17,P36,Local,N_Addition,3,54.4,20,5,0.368,25,0.092
718,6,1,5,P36,Local,N_Addition,4,NA,NA,NA,NA,NA,NA
719,8,5,20,P36,Local,N_Addition,5,39.1,16,7,0.409,43.75,0.179
720,9,4,3,P36,Local,N_Addition,6,57.3,11,8,0.192,72.727,0.14
721,2,6,5,P37,Nonlocal_R,Ambient_N,1,26.6,10,2,0.376,20,0.075
722,4,6,13,P37,Nonlocal_R,Ambient_N,2,62.7,4,0,0.064,0,0
723,5,1,7,P37,Nonlocal_R,Ambient_N,3,70.5,27,8,0.383,29.63,0.113
724,5,4,3,P37,Nonlocal_R,Ambient_N,4,44.1,0,0,0,0,0
725,5,6,3,P37,Nonlocal_R,Ambient_N,5,NA,NA,NA,NA,NA,NA
726,6,4,1,P37,Nonlocal_R,Ambient_N,6,24.9,9,6,0.361,66.667,0.241
727,3,2,8,P37,Nonlocal_R,N_Addition,1,69,0,0,0,0,0
728,4,5,8,P37,Nonlocal_R,N_Addition,2,40.2,1,0,0.025,0,0
729,4,6,18,P37,Nonlocal_R,N_Addition,3,27.8,17,3,0.612,17.647,0.108
730,7,4,6,P37,Nonlocal_R,N_Addition,4,53.2,5,4,0.094,80,0.075
731,8,1,2,P37,Nonlocal_R,N_Addition,5,58.5,6,3,0.103,50,0.051
732,9,2,11,P37,Nonlocal_R,N_Addition,6,47.4,13,6,0.274,46.154,0.127
733,2,5,8,P37,Nonlocal_U,Ambient_N,1,30.4,38,3,1.25,7.895,0.099
734,7,2,7,P37,Nonlocal_U,Ambient_N,2,69.7,14,0,0.201,0,0
735,7,4,12,P37,Nonlocal_U,Ambient_N,3,41.1,16,7,0.389,43.75,0.17
736,8,6,17,P37,Nonlocal_U,Ambient_N,4,52.1,25,18,0.48,72,0.345
737,9,1,4,P37,Nonlocal_U,Ambient_N,5,NA,NA,NA,NA,NA,NA
738,9,5,2,P37,Nonlocal_U,Ambient_N,6,3.5,4,1,1.143,25,0.286
739,1,5,17,P37,Nonlocal_U,N_Addition,1,43.4,9,1,0.207,11.111,0.023
740,2,2,13,P37,Nonlocal_U,N_Addition,2,53.7,29,0,0.54,0,0
741,3,2,19,P37,Nonlocal_U,N_Addition,3,35.6,30,22,0.843,73.333,0.618
742,3,4,8,P37,Nonlocal_U,N_Addition,4,28.5,17,1,0.596,5.882,0.035
743,5,2,20,P37,Nonlocal_U,N_Addition,5,50.5,9,9,0.178,100,0.178
744,8,2,12,P37,Nonlocal_U,N_Addition,6,53.9,16,6,0.297,37.5,0.111
745,1,2,10,P37,Local,Ambient_N,1,54.1,21,11,0.388,52.381,0.203
746,1,4,7,P37,Local,Ambient_N,2,42.5,31,18,0.729,58.065,0.424
747,2,5,13,P37,Local,Ambient_N,3,18.8,12,4,0.638,33.333,0.213
748,3,1,18,P37,Local,Ambient_N,4,56.9,40,27,0.703,67.5,0.475
749,4,5,7,P37,Local,Ambient_N,5,39,19,7,0.487,36.842,0.179
750,6,4,2,P37,Local,Ambient_N,6,39.7,0,0,0,0,0
751,1,5,10,P37,Local,N_Addition,1,72.7,20,11,0.275,55,0.151
752,6,4,13,P37,Local,N_Addition,2,38.3,33,8,0.862,24.242,0.209
753,6,6,8,P37,Local,N_Addition,3,57,23,3,0.404,13.043,0.053
754,7,5,20,P37,Local,N_Addition,4,63.3,33,20,0.521,60.606,0.316
755,8,5,18,P37,Local,N_Addition,5,NA,NA,NA,NA,NA,NA
756,9,2,2,P37,Local,N_Addition,6,53.2,19,9,0.357,47.368,0.169
757,2,2,11,P38,Nonlocal_R,Ambient_N,1,20.4,10,3,0.49,30,0.147
758,5,1,2,P38,Nonlocal_R,Ambient_N,2,39.6,5,3,0.126,60,0.076
759,5,3,20,P38,Nonlocal_R,Ambient_N,3,50.7,20,20,0.394,100,0.394
760,6,6,13,P38,Nonlocal_R,Ambient_N,4,41.9,12,4,0.286,33.333,0.095
761,7,5,18,P38,Nonlocal_R,Ambient_N,5,4.5,2,0,0.444,0,0
762,9,4,15,P38,Nonlocal_R,Ambient_N,6,33.3,10,2,0.3,20,0.06
763,2,6,1,P38,Nonlocal_R,N_Addition,1,37.3,11,6,0.295,54.545,0.161
764,4,4,18,P38,Nonlocal_R,N_Addition,2,31,13,5,0.419,38.462,0.161
765,4,5,17,P38,Nonlocal_R,N_Addition,3,37.1,21,0,0.566,0,0
766,5,1,9,P38,Nonlocal_R,N_Addition,4,55.6,23,3,0.414,13.043,0.054
767,5,2,18,P38,Nonlocal_R,N_Addition,5,NA,NA,NA,NA,NA,NA
768,7,1,16,P38,Nonlocal_R,N_Addition,6,58.7,23,15,0.392,65.217,0.256
769,1,4,1,P38,Nonlocal_U,Ambient_N,1,25.7,11,1,0.428,9.091,0.039
770,3,1,8,P38,Nonlocal_U,Ambient_N,2,43.7,23,5,0.526,21.739,0.114
771,3,2,7,P38,Nonlocal_U,Ambient_N,3,3.2,17,0,5.313,0,0
772,4,3,11,P38,Nonlocal_U,Ambient_N,4,38.1,7,0,0.184,0,0
773,4,6,3,P38,Nonlocal_U,Ambient_N,5,48.3,21,8,0.435,38.095,0.166
774,7,1,15,P38,Nonlocal_U,Ambient_N,6,24.1,16,9,0.664,56.25,0.373
775,1,3,3,P38,Nonlocal_U,N_Addition,1,76.3,20,6,0.262,30,0.079
776,3,2,4,P38,Nonlocal_U,N_Addition,2,47,19,1,0.404,5.263,0.021
777,3,6,7,P38,Nonlocal_U,N_Addition,3,42.6,34,11,0.798,32.353,0.258
778,6,2,6,P38,Nonlocal_U,N_Addition,4,36.9,27,10,0.732,37.037,0.271
779,6,4,9,P38,Nonlocal_U,N_Addition,5,78.6,63,8,0.802,12.698,0.102
780,8,1,5,P38,Nonlocal_U,N_Addition,6,51.7,13,6,0.251,46.154,0.116
781,1,2,19,P38,Local,Ambient_N,1,33.1,15,8,0.453,53.333,0.242
782,2,4,16,P38,Local,Ambient_N,2,39.8,21,5,0.528,23.81,0.126
783,7,2,10,P38,Local,Ambient_N,3,16.7,12,8,0.719,66.667,0.479
784,8,3,18,P38,Local,Ambient_N,4,24.8,19,10,0.766,52.632,0.403
785,9,1,16,P38,Local,Ambient_N,5,40.7,19,7,0.467,36.842,0.172
786,9,3,10,P38,Local,Ambient_N,6,14.3,5,0,0.35,0,0
787,1,5,7,P38,Local,N_Addition,1,43.8,57,16,1.301,28.07,0.365
788,2,2,7,P38,Local,N_Addition,2,NA,NA,NA,NA,NA,NA
789,6,5,15,P38,Local,N_Addition,3,40.9,17,3,0.416,17.647,0.073
790,8,1,3,P38,Local,N_Addition,4,54.7,21,4,0.384,19.048,0.073
791,8,5,7,P38,Local,N_Addition,5,NA,NA,NA,NA,NA,NA
792,9,2,10,P38,Local,N_Addition,6,28.5,12,7,0.421,58.333,0.246
793,1,4,19,P39,Nonlocal_R,Ambient_N,1,40.3,1,1,0.025,100,0.025
794,2,1,8,P39,Nonlocal_R,Ambient_N,2,40.7,0,0,0,0,0
795,3,2,11,P39,Nonlocal_R,Ambient_N,3,58.2,0,0,0,0,0
796,4,3,7,P39,Nonlocal_R,Ambient_N,4,32.2,0,0,0,0,0
797,4,4,3,P39,Nonlocal_R,Ambient_N,5,23.2,3,0,0.129,0,0
798,5,1,10,P39,Nonlocal_R,Ambient_N,6,36.2,6,0,0.166,0,0
799,1,1,6,P39,Nonlocal_R,N_Addition,1,38.6,12,0,0.311,0,0
800,4,2,18,P39,Nonlocal_R,N_Addition,2,32,3,1,0.094,33.333,0.031
801,6,2,13,P39,Nonlocal_R,N_Addition,3,36.7,25,7,0.681,28,0.191
802,6,4,8,P39,Nonlocal_R,N_Addition,4,66.1,52,3,0.787,5.769,0.045
803,8,6,5,P39,Nonlocal_R,N_Addition,5,76.4,31,22,0.406,70.968,0.288
804,9,3,13,P39,Nonlocal_R,N_Addition,6,51.1,25,18,0.489,72,0.352
805,2,5,1,P39,Nonlocal_U,Ambient_N,1,59.6,37,18,0.621,48.649,0.302
806,2,6,16,P39,Nonlocal_U,Ambient_N,2,62.5,16,15,0.256,93.75,0.24
807,3,1,3,P39,Nonlocal_U,Ambient_N,3,37,24,8,0.649,33.333,0.216
808,7,4,18,P39,Nonlocal_U,Ambient_N,4,50.3,16,6,0.318,37.5,0.119
809,8,1,19,P39,Nonlocal_U,Ambient_N,5,48.9,22,12,0.45,54.545,0.245
810,9,1,18,P39,Nonlocal_U,Ambient_N,6,34.1,16,11,0.469,68.75,0.323
811,1,6,8,P39,Nonlocal_U,N_Addition,1,50.3,23,12,0.457,52.174,0.239
812,5,1,16,P39,Nonlocal_U,N_Addition,2,38.8,26,9,0.67,34.615,0.232
813,7,5,3,P39,Nonlocal_U,N_Addition,3,32.4,28,16,0.864,57.143,0.494
814,8,2,2,P39,Nonlocal_U,N_Addition,4,38.5,18,7,0.468,38.889,0.182
815,9,3,17,P39,Nonlocal_U,N_Addition,5,49.5,19,17,0.384,89.474,0.343
816,9,5,10,P39,Nonlocal_U,N_Addition,6,47.3,40,9,0.846,22.5,0.19
817,2,3,15,P39,Local,Ambient_N,1,41.5,21,9,0.506,42.857,0.217
818,3,1,16,P39,Local,Ambient_N,2,22.4,14,1,0.625,7.143,0.045
819,5,6,5,P39,Local,Ambient_N,3,17.5,7,6,0.4,85.714,0.343
820,6,6,9,P39,Local,Ambient_N,4,33.8,28,3,0.828,10.714,0.089
821,7,5,5,P39,Local,Ambient_N,5,NA,NA,NA,NA,NA,NA
822,8,3,13,P39,Local,Ambient_N,6,60.8,17,6,0.28,35.294,0.099
823,1,3,18,P39,Local,N_Addition,1,31.5,17,4,0.54,23.529,0.127
824,3,4,20,P39,Local,N_Addition,2,38.6,38,2,0.984,5.263,0.052
825,4,2,10,P39,Local,N_Addition,3,73.2,24,17,0.328,70.833,0.232
826,5,3,17,P39,Local,N_Addition,4,51.6,52,22,1.008,42.308,0.426
827,6,3,17,P39,Local,N_Addition,5,48.6,12,5,0.247,41.667,0.103
828,7,1,6,P39,Local,N_Addition,6,39.2,20,5,0.51,25,0.128
829,1,3,1,P41,Nonlocal_R,Ambient_N,1,68.3,1,0,0.015,0,0
830,2,5,20,P41,Nonlocal_R,Ambient_N,2,44.7,2,0,0.045,0,0
831,3,2,17,P41,Nonlocal_R,Ambient_N,3,40.2,2,2,0.05,100,0.05
832,4,3,4,P41,Nonlocal_R,Ambient_N,4,29.9,4,0,0.134,0,0
833,5,6,16,P41,Nonlocal_R,Ambient_N,5,34.2,0,0,0,0,0
834,6,6,18,P41,Nonlocal_R,Ambient_N,6,91.4,0,0,0,0,0
835,2,1,16,P41,Nonlocal_R,N_Addition,1,29.1,2,2,0.069,100,0.069
836,5,3,8,P41,Nonlocal_R,N_Addition,2,65.7,3,1,0.046,33.333,0.015
837,8,3,4,P41,Nonlocal_R,N_Addition,3,41,4,3,0.098,75,0.073
838,8,3,7,P41,Nonlocal_R,N_Addition,4,58,3,0,0.052,0,0
839,8,5,9,P41,Nonlocal_R,N_Addition,5,47.3,15,4,0.317,26.667,0.085
840,9,5,6,P41,Nonlocal_R,N_Addition,6,38.1,7,2,0.184,28.571,0.052
841,3,1,13,P41,Nonlocal_U,Ambient_N,1,28.7,3,0,0.105,0,0
842,3,2,2,P41,Nonlocal_U,Ambient_N,2,42.2,11,3,0.261,27.273,0.071
843,4,2,13,P41,Nonlocal_U,Ambient_N,3,60.7,19,5,0.313,26.316,0.082
844,5,1,13,P41,Nonlocal_U,Ambient_N,4,35.4,4,2,0.113,50,0.056
845,6,3,8,P41,Nonlocal_U,Ambient_N,5,15.2,8,1,0.526,12.5,0.066
846,9,6,9,P41,Nonlocal_U,Ambient_N,6,39.4,3,1,0.076,33.333,0.025
847,1,2,5,P41,Nonlocal_U,N_Addition,1,57.3,24,3,0.419,12.5,0.052
848,2,3,6,P41,Nonlocal_U,N_Addition,2,48.2,7,3,0.145,42.857,0.062
849,4,6,12,P41,Nonlocal_U,N_Addition,3,78.9,11,0,0.139,0,0
850,6,4,14,P41,Nonlocal_U,N_Addition,4,61.9,27,24,0.436,88.889,0.388
851,7,3,19,P41,Nonlocal_U,N_Addition,5,59.4,31,17,0.522,54.839,0.286
852,9,6,10,P41,Nonlocal_U,N_Addition,6,57,5,0,0.088,0,0
853,1,1,5,P41,Local,Ambient_N,1,NA,NA,NA,NA,NA,NA
854,2,5,7,P41,Local,Ambient_N,2,37.6,2,0,0.053,0,0
855,3,5,3,P41,Local,Ambient_N,3,21.3,0,0,0,0,0
856,6,1,14,P41,Local,Ambient_N,4,70.4,0,0,0,0,0
857,8,1,4,P41,Local,Ambient_N,5,28.6,3,0,0.105,0,0
858,9,1,1,P41,Local,Ambient_N,6,NA,NA,NA,NA,NA,NA
859,1,6,19,P41,Local,N_Addition,1,40.3,9,7,0.223,77.778,0.174
860,4,2,6,P41,Local,N_Addition,2,47.1,16,12,0.34,75,0.255
861,5,2,2,P41,Local,N_Addition,3,51.4,8,1,0.156,12.5,0.019
862,7,1,18,P41,Local,N_Addition,4,NA,NA,NA,NA,NA,NA
863,7,2,20,P41,Local,N_Addition,5,27.8,15,6,0.54,40,0.216
864,7,5,17,P41,Local,N_Addition,6,53.6,10,5,0.187,50,0.093
865,1,1,11,P43,Nonlocal_R,Ambient_N,1,50.7,24,0,0.473,0,0
866,1,1,17,P43,Nonlocal_R,Ambient_N,2,35.5,20,0,0.563,0,0
867,2,2,2,P43,Nonlocal_R,Ambient_N,3,57.6,10,8,0.174,80,0.139
868,6,2,3,P43,Nonlocal_R,Ambient_N,4,26.9,1,1,0.037,100,0.037
869,7,1,9,P43,Nonlocal_R,Ambient_N,5,59.9,9,3,0.15,33.333,0.05
870,7,3,7,P43,Nonlocal_R,Ambient_N,6,38.9,6,1,0.154,16.667,0.026
871,1,1,8,P43,Nonlocal_R,N_Addition,1,NA,NA,NA,NA,NA,NA
872,2,6,13,P43,Nonlocal_R,N_Addition,2,46.6,0,0,0,0,0
873,4,4,5,P43,Nonlocal_R,N_Addition,3,35.8,0,0,0,0,0
874,5,1,8,P43,Nonlocal_R,N_Addition,4,25.5,0,0,0,0,0
875,5,4,6,P43,Nonlocal_R,N_Addition,5,39.3,0,0,0,0,0
876,9,2,5,P43,Nonlocal_R,N_Addition,6,36.9,0,0,0,0,0
877,3,3,14,P43,Nonlocal_U,Ambient_N,1,22.6,2,0,0.088,0,0
878,3,5,11,P43,Nonlocal_U,Ambient_N,2,NA,NA,NA,NA,NA,NA
879,4,5,14,P43,Nonlocal_U,Ambient_N,3,NA,NA,NA,NA,NA,NA
880,5,3,2,P43,Nonlocal_U,Ambient_N,4,NA,NA,NA,NA,NA,NA
881,6,3,9,P43,Nonlocal_U,Ambient_N,5,38.7,2,0,0.052,0,0
882,8,3,14,P43,Nonlocal_U,Ambient_N,6,32.9,1,0,0.03,0,0
883,2,1,12,P43,Nonlocal_U,N_Addition,1,57.1,2,0,0.035,0,0
884,3,5,6,P43,Nonlocal_U,N_Addition,2,53.5,21,0,0.393,0,0
885,6,6,1,P43,Nonlocal_U,N_Addition,3,41.9,0,0,0,0,0
886,8,4,17,P43,Nonlocal_U,N_Addition,4,42.7,0,0,0,0,0
887,8,5,11,P43,Nonlocal_U,N_Addition,5,73.4,2,1,0.027,50,0.014
888,9,1,7,P43,Nonlocal_U,N_Addition,6,34.3,0,0,0,0,0
889,1,1,2,P43,Local,Ambient_N,1,NA,NA,NA,NA,NA,NA
890,3,1,11,P43,Local,Ambient_N,2,38.6,28,0,0.725,0,0
891,4,1,8,P43,Local,Ambient_N,3,51.1,25,8,0.489,32,0.157
892,5,2,9,P43,Local,Ambient_N,4,33.6,17,6,0.506,35.294,0.179
893,6,5,6,P43,Local,Ambient_N,5,46.1,22,2,0.477,9.091,0.043
894,9,5,16,P43,Local,Ambient_N,6,20.4,33,13,1.618,39.394,0.637
895,2,6,11,P43,Local,N_Addition,1,54.1,7,3,0.129,42.857,0.055
896,4,1,4,P43,Local,N_Addition,2,40.7,1,0,0.025,0,0
897,7,4,1,P43,Local,N_Addition,3,52.4,17,15,0.324,88.235,0.286
898,7,4,8,P43,Local,N_Addition,4,94.5,20,0,0.212,0,0
899,8,5,12,P43,Local,N_Addition,5,71.3,21,8,0.295,38.095,0.112
900,9,6,12,P43,Local,N_Addition,6,70.7,11,5,0.156,45.455,0.071
901,3,3,3,P47,Nonlocal_R,Ambient_N,1,23.6,7,1,0.297,14.286,0.042
902,3,3,11,P47,Nonlocal_R,Ambient_N,2,34.5,11,7,0.319,63.636,0.203
903,4,2,7,P47,Nonlocal_R,Ambient_N,3,36.4,5,2,0.137,40,0.055
904,7,1,8,P47,Nonlocal_R,Ambient_N,4,58.3,9,8,0.154,88.889,0.137
905,8,6,9,P47,Nonlocal_R,Ambient_N,5,50.6,32,25,0.632,78.125,0.494
906,9,3,5,P47,Nonlocal_R,Ambient_N,6,57.3,5,2,0.087,40,0.035
907,1,1,4,P47,Nonlocal_R,N_Addition,1,55.1,9,8,0.163,88.889,0.145
908,2,6,2,P47,Nonlocal_R,N_Addition,2,43.6,29,22,0.665,75.862,0.505
909,3,2,10,P47,Nonlocal_R,N_Addition,3,63.1,39,25,0.618,64.103,0.396
910,4,3,8,P47,Nonlocal_R,N_Addition,4,36.5,5,0,0.137,0,0
911,4,5,11,P47,Nonlocal_R,N_Addition,5,49.3,12,1,0.243,8.333,0.02
912,7,1,20,P47,Nonlocal_R,N_Addition,6,26.8,15,10,0.56,66.667,0.373
913,3,1,12,P47,Nonlocal_U,Ambient_N,1,43,13,1,0.302,7.692,0.023
914,5,3,4,P47,Nonlocal_U,Ambient_N,2,40.1,19,1,0.474,5.263,0.025
915,6,3,10,P47,Nonlocal_U,Ambient_N,4,39.8,16,3,0.402,18.75,0.075
916,6,3,18,P47,Nonlocal_U,Ambient_N,3,45.6,25,7,0.548,28,0.154
917,8,3,3,P47,Nonlocal_U,Ambient_N,5,19.1,2,0,0.105,0,0
918,9,6,18,P47,Nonlocal_U,Ambient_N,6,52.7,37,17,0.702,45.946,0.323
919,1,5,11,P47,Nonlocal_U,N_Addition,1,43.1,9,6,0.209,66.667,0.139
920,5,2,19,P47,Nonlocal_U,N_Addition,2,NA,NA,NA,NA,NA,NA
921,5,6,20,P47,Nonlocal_U,N_Addition,3,41.2,28,15,0.68,53.571,0.364
922,6,2,16,P47,Nonlocal_U,N_Addition,4,43.1,9,1,0.209,11.111,0.023
923,7,6,18,P47,Nonlocal_U,N_Addition,5,60.6,38,12,0.627,31.579,0.198
924,9,4,17,P47,Nonlocal_U,N_Addition,6,54.7,34,26,0.622,76.471,0.475
925,1,1,18,P47,Local,Ambient_N,1,53.6,9,2,0.168,22.222,0.037
926,1,5,16,P47,Local,Ambient_N,2,39.3,13,9,0.331,69.231,0.229
927,2,3,13,P47,Local,Ambient_N,3,14.8,5,2,0.338,40,0.135
928,5,4,8,P47,Local,Ambient_N,4,34.6,13,8,0.376,61.538,0.231
929,6,1,6,P47,Local,Ambient_N,5,56.1,24,2,0.428,8.333,0.036
930,8,5,1,P47,Local,Ambient_N,6,74.1,10,6,0.135,60,0.081
931,2,3,4,P47,Local,N_Addition,1,37,23,13,0.622,56.522,0.351
932,2,5,3,P47,Local,N_Addition,2,48.7,45,20,0.924,44.444,0.411
933,4,1,18,P47,Local,N_Addition,3,63.3,32,18,0.506,56.25,0.284
934,7,4,13,P47,Local,N_Addition,4,44.5,20,3,0.449,15,0.067
935,8,2,20,P47,Local,N_Addition,5,NA,NA,NA,NA,NA,NA
936,9,6,6,P47,Local,N_Addition,6,46.3,11,3,0.238,27.273,0.065
937,1,6,9,P48,Nonlocal_R,Ambient_N,1,21.8,15,5,0.688,33.333,0.229
938,3,6,17,P48,Nonlocal_R,Ambient_N,2,23.7,16,0,0.675,0,0
939,4,1,9,P48,Nonlocal_R,Ambient_N,3,NA,NA,NA,NA,NA,NA
940,4,3,16,P48,Nonlocal_R,Ambient_N,4,12.3,6,0,0.488,0,0
941,5,5,11,P48,Nonlocal_R,Ambient_N,5,14.6,6,4,0.411,66.667,0.274
942,8,3,12,P48,Nonlocal_R,Ambient_N,6,51.5,31,9,0.602,29.032,0.175
943,2,6,7,P48,Nonlocal_R,N_Addition,1,39.8,6,3,0.151,50,0.075
944,3,6,1,P48,Nonlocal_R,N_Addition,2,43.8,1,0,0.023,0,0
945,7,1,12,P48,Nonlocal_R,N_Addition,3,NA,NA,NA,NA,NA,NA
946,7,2,1,P48,Nonlocal_R,N_Addition,4,60.8,8,6,0.132,75,0.099
947,8,6,8,P48,Nonlocal_R,N_Addition,5,71.4,4,0,0.056,0,0
948,9,4,12,P48,Nonlocal_R,N_Addition,6,38,27,4,0.711,14.815,0.105
949,1,2,13,P48,Nonlocal_U,Ambient_N,1,NA,NA,NA,NA,NA,NA
950,1,3,19,P48,Nonlocal_U,Ambient_N,2,46.9,6,5,0.128,83.333,0.107
951,3,6,9,P48,Nonlocal_U,Ambient_N,3,27.5,23,19,0.836,82.609,0.691
952,5,5,6,P48,Nonlocal_U,Ambient_N,4,NA,NA,NA,NA,NA,NA
953,6,4,20,P48,Nonlocal_U,Ambient_N,5,39.1,28,8,0.716,28.571,0.205
954,7,4,15,P48,Nonlocal_U,Ambient_N,6,29.6,16,9,0.541,56.25,0.304
955,4,6,20,P48,Nonlocal_U,N_Addition,1,38.4,14,0,0.365,0,0
956,6,1,7,P48,Nonlocal_U,N_Addition,2,49.9,81,9,1.623,11.111,0.18
957,6,6,5,P48,Nonlocal_U,N_Addition,3,64.6,36,3,0.557,8.333,0.046
958,7,1,19,P48,Nonlocal_U,N_Addition,4,NA,NA,NA,NA,NA,NA
959,9,4,16,P48,Nonlocal_U,N_Addition,5,NA,NA,NA,NA,NA,NA
960,9,5,9,P48,Nonlocal_U,N_Addition,6,NA,NA,NA,NA,NA,NA
961,2,2,1,P48,Local,Ambient_N,1,NA,NA,NA,NA,NA,NA
962,2,2,6,P48,Local,Ambient_N,2,17.9,14,5,0.782,35.714,0.279
963,3,4,10,P48,Local,Ambient_N,3,19.5,14,8,0.718,57.143,0.41
964,5,4,16,P48,Local,Ambient_N,4,NA,NA,NA,NA,NA,NA
965,8,4,18,P48,Local,Ambient_N,5,38,17,8,0.447,47.059,0.211
966,9,4,18,P48,Local,Ambient_N,6,18.2,7,0,0.385,0,0
967,1,4,6,P48,Local,N_Addition,1,29.9,28,7,0.936,25,0.234
968,2,1,18,P48,Local,N_Addition,2,61.2,14,5,0.229,35.714,0.082
969,4,4,9,P48,Local,N_Addition,3,NA,NA,NA,NA,NA,NA
970,5,4,2,P48,Local,N_Addition,4,46.6,31,1,0.665,3.226,0.021
971,6,6,19,P48,Local,N_Addition,5,50.5,25,21,0.495,84,0.416
972,8,2,15,P48,Local,N_Addition,6,62.4,31,19,0.497,61.29,0.304
973,1,2,12,P7,Nonlocal_R,Ambient_N,1,30.9,24,16,0.777,66.667,0.518
974,1,5,12,P7,Nonlocal_R,Ambient_N,2,63.2,50,24,0.791,48,0.38
975,3,6,16,P7,Nonlocal_R,Ambient_N,3,NA,NA,NA,NA,NA,NA
976,4,5,18,P7,Nonlocal_R,Ambient_N,4,31.9,23,0,0.721,0,0
977,6,5,3,P7,Nonlocal_R,Ambient_N,5,44.1,0,0,0,0,0
978,8,6,20,P7,Nonlocal_R,Ambient_N,6,81.3,17,14,0.209,82.353,0.172
979,2,1,17,P7,Nonlocal_R,N_Addition,1,43.4,10,8,0.23,80,0.184
980,3,5,17,P7,Nonlocal_R,N_Addition,2,43.2,8,4,0.185,50,0.093
981,5,5,7,P7,Nonlocal_R,N_Addition,3,39.4,16,2,0.406,12.5,0.051
982,6,1,4,P7,Nonlocal_R,N_Addition,4,43.4,2,2,0.046,100,0.046
983,7,4,4,P7,Nonlocal_R,N_Addition,5,31,0,0,0,0,0
984,9,6,14,P7,Nonlocal_R,N_Addition,6,37.8,18,3,0.476,16.667,0.079
985,4,1,12,P7,Nonlocal_U,Ambient_N,1,63.6,38,3,0.597,7.895,0.047
986,5,2,6,P7,Nonlocal_U,Ambient_N,2,31.7,12,0,0.379,0,0
987,5,6,12,P7,Nonlocal_U,Ambient_N,3,35.5,24,12,0.676,50,0.338
988,6,6,11,P7,Nonlocal_U,Ambient_N,4,40,11,2,0.275,18.182,0.05
989,7,3,16,P7,Nonlocal_U,Ambient_N,5,29.9,17,13,0.569,76.471,0.435
990,9,6,20,P7,Nonlocal_U,Ambient_N,6,40.2,20,10,0.498,50,0.249
991,1,1,10,P7,Nonlocal_U,N_Addition,1,70.3,55,34,0.782,61.818,0.484
992,2,1,14,P7,Nonlocal_U,N_Addition,2,77.6,14,2,0.18,14.286,0.026
993,2,1,20,P7,Nonlocal_U,N_Addition,3,71.8,46,0,0.641,0,0
994,6,4,17,P7,Nonlocal_U,N_Addition,4,59,24,24,0.407,100,0.407
995,9,3,16,P7,Nonlocal_U,N_Addition,5,56.1,9,8,0.16,88.889,0.143
996,9,6,19,P7,Nonlocal_U,N_Addition,6,53.6,22,11,0.41,50,0.205
997,1,2,6,P7,Local,Ambient_N,1,34.6,3,1,0.087,33.333,0.029
998,3,2,14,P7,Local,Ambient_N,2,NA,NA,NA,NA,NA,NA
999,3,6,14,P7,Local,Ambient_N,3,52.5,16,2,0.305,12.5,0.038
1000,4,2,4,P7,Local,Ambient_N,4,46.2,20,4,0.433,20,0.087
1001,5,2,4,P7,Local,Ambient_N,5,32.9,32,18,0.973,56.25,0.547
1002,8,6,4,P7,Local,Ambient_N,6,39.7,17,14,0.428,82.353,0.353
1003,2,2,9,P7,Local,N_Addition,1,66.8,21,3,0.314,14.286,0.045
1004,4,5,9,P7,Local,N_Addition,2,50.7,24,22,0.473,91.667,0.434
1005,7,6,5,P7,Local,N_Addition,3,54.6,26,3,0.476,11.538,0.055
1006,7,6,8,P7,Local,N_Addition,4,64.1,24,1,0.374,4.167,0.016
1007,8,4,14,P7,Local,N_Addition,5,92,28,9,0.304,32.143,0.098
1008,8,6,3,P7,Local,N_Addition,6,41.5,10,3,0.241,30,0.072
1009,1,1,9,P10,Nonlocal_R,Ambient_N,1,2.1,0,0,0,0,0
1010,1,2,7,P10,Nonlocal_R,Ambient_N,2,NA,NA,NA,NA,NA,NA
1011,2,3,17,P10,Nonlocal_R,Ambient_N,3,31,4,3,0.129,75,0.097
1012,5,3,19,P10,Nonlocal_R,Ambient_N,4,NA,NA,NA,NA,NA,NA
1013,6,5,5,P10,Nonlocal_R,Ambient_N,5,NA,NA,NA,NA,NA,NA
1014,7,3,13,P10,Nonlocal_R,Ambient_N,6,NA,NA,NA,NA,NA,NA
1015,1,1,16,P10,Nonlocal_R,N_Addition,1,NA,NA,NA,NA,NA,NA
1016,4,3,17,P10,Nonlocal_R,N_Addition,2,NA,NA,NA,NA,NA,NA
1017,5,5,10,P10,Nonlocal_R,N_Addition,3,NA,NA,NA,NA,NA,NA
1018,6,6,15,P10,Nonlocal_R,N_Addition,4,26.6,16,6,0.602,37.5,0.226
1019,7,1,2,P10,Nonlocal_R,N_Addition,5,NA,NA,NA,NA,NA,NA
1020,8,6,11,P10,Nonlocal_R,N_Addition,6,NA,NA,NA,NA,NA,NA
1021,1,4,18,P10,Nonlocal_U,Ambient_N,1,8.7,15,8,1.724,53.333,0.92
1022,2,1,13,P10,Nonlocal_U,Ambient_N,2,NA,NA,NA,NA,NA,NA
1023,3,5,15,P10,Nonlocal_U,Ambient_N,3,14.4,27,4,1.875,14.815,0.278
1024,5,4,17,P10,Nonlocal_U,Ambient_N,4,NA,NA,NA,NA,NA,NA
1025,5,6,8,P10,Nonlocal_U,Ambient_N,5,NA,NA,NA,NA,NA,NA
1026,9,3,12,P10,Nonlocal_U,Ambient_N,6,43.5,22,3,0.506,13.636,0.069
1027,2,5,15,P10,Nonlocal_U,N_Addition,1,75.9,13,2,0.171,15.385,0.026
1028,4,4,8,P10,Nonlocal_U,N_Addition,2,37.6,1,0,0.027,0,0
1029,6,6,7,P10,Nonlocal_U,N_Addition,3,NA,NA,NA,NA,NA,NA
1030,7,2,11,P10,Nonlocal_U,N_Addition,4,32.3,12,3,0.372,25,0.093
1031,8,3,10,P10,Nonlocal_U,N_Addition,5,68.2,13,8,0.191,61.538,0.117
1032,9,4,6,P10,Nonlocal_U,N_Addition,6,36.2,1,0,0.028,0,0
1033,3,5,8,P10,Local,Ambient_N,1,NA,NA,NA,NA,NA,NA
1034,4,1,17,P10,Local,Ambient_N,2,18.1,10,0,0.552,0,0
1035,4,4,13,P10,Local,Ambient_N,3,NA,NA,NA,NA,NA,NA
1036,7,2,3,P10,Local,Ambient_N,4,10.5,5,0,0.476,0,0
1037,8,2,3,P10,Local,Ambient_N,5,12.6,7,5,0.556,71.429,0.397
1038,9,5,1,P10,Local,Ambient_N,6,17.3,28,7,1.618,25,0.405
1039,2,2,16,P10,Local,N_Addition,1,60.7,12,0,0.198,0,0
1040,3,2,3,P10,Local,N_Addition,2,NA,NA,NA,NA,NA,NA
1041,3,4,3,P10,Local,N_Addition,3,NA,NA,NA,NA,NA,NA
1042,6,4,7,P10,Local,N_Addition,4,18.9,15,5,0.794,33.333,0.265
1043,8,1,13,P10,Local,N_Addition,5,NA,NA,NA,NA,NA,NA
1044,9,1,13,P10,Local,N_Addition,6,52.3,14,6,0.268,42.857,0.115
1045,4,1,1,P12,Nonlocal_R,Ambient_N,1,NA,NA,NA,NA,NA,NA
1046,4,4,1,P12,Nonlocal_R,Ambient_N,2,6,5,1,0.833,20,0.167
1047,5,2,8,P12,Nonlocal_R,Ambient_N,3,NA,NA,NA,NA,NA,NA
1048,6,1,19,P12,Nonlocal_R,Ambient_N,4,31.7,8,4,0.252,50,0.126
1049,7,6,6,P12,Nonlocal_R,Ambient_N,5,53.8,10,10,0.186,100,0.186
1050,8,2,6,P12,Nonlocal_R,Ambient_N,6,5,5,0,1,0,0
1051,1,6,10,P12,Nonlocal_R,N_Addition,1,NA,NA,NA,NA,NA,NA
1052,2,5,10,P12,Nonlocal_R,N_Addition,2,35.3,11,5,0.312,45.455,0.142
1053,3,1,6,P12,Nonlocal_R,N_Addition,3,24.1,19,0,0.788,0,0
1054,3,2,16,P12,Nonlocal_R,N_Addition,4,NA,NA,NA,NA,NA,NA
1055,6,5,12,P12,Nonlocal_R,N_Addition,5,NA,NA,NA,NA,NA,NA
1056,9,6,17,P12,Nonlocal_R,N_Addition,6,37.6,27,19,0.718,70.37,0.505
1057,4,3,14,P12,Nonlocal_U,Ambient_N,1,NA,NA,NA,NA,NA,NA
1058,4,4,2,P12,Nonlocal_U,Ambient_N,2,4.3,2,0,0.465,0,0
1059,5,4,4,P12,Nonlocal_U,Ambient_N,3,40.8,3,3,0.074,100,0.074
1060,6,4,15,P12,Nonlocal_U,Ambient_N,4,NA,NA,NA,NA,NA,NA
1061,8,3,16,P12,Nonlocal_U,Ambient_N,5,12.2,3,3,0.246,100,0.246
1062,8,5,2,P12,Nonlocal_U,Ambient_N,6,7.7,0,0,0,0,0
1063,1,6,14,P12,Nonlocal_U,N_Addition,1,49.3,6,5,0.122,83.333,0.101
1064,2,2,8,P12,Nonlocal_U,N_Addition,2,NA,NA,NA,NA,NA,NA
1065,6,3,2,P12,Nonlocal_U,N_Addition,3,38,0,0,0,0,0
1066,7,5,7,P12,Nonlocal_U,N_Addition,4,78.9,8,8,0.101,100,0.101
1067,7,5,8,P12,Nonlocal_U,N_Addition,5,44.8,8,7,0.179,87.5,0.156
1068,9,1,19,P12,Nonlocal_U,N_Addition,6,61.5,10,8,0.163,80,0.13
1069,2,3,1,P12,Local,Ambient_N,1,NA,NA,NA,NA,NA,NA
1070,3,6,11,P12,Local,Ambient_N,2,NA,NA,NA,NA,NA,NA
1071,5,1,5,P12,Local,Ambient_N,3,17,13,7,0.765,53.846,0.412
1072,7,2,12,P12,Local,Ambient_N,4,NA,NA,NA,NA,NA,NA
1073,8,3,5,P12,Local,Ambient_N,5,NA,NA,NA,NA,NA,NA
1074,9,4,13,P12,Local,Ambient_N,6,46.3,31,23,0.67,74.194,0.497
1075,1,2,8,P12,Local,N_Addition,1,48.7,14,9,0.287,64.286,0.185
1076,1,3,9,P12,Local,N_Addition,2,NA,NA,NA,NA,NA,NA
1077,2,2,10,P12,Local,N_Addition,3,NA,NA,NA,NA,NA,NA
1078,3,3,7,P12,Local,N_Addition,4,NA,NA,NA,NA,NA,NA
1079,5,2,16,P12,Local,N_Addition,5,NA,NA,NA,NA,NA,NA
1080,9,2,19,P12,Local,N_Addition,6,41.3,28,16,0.678,57.143,0.387