UID,Block,Row,Pot,Population,Microbiome,Nitrogen,Replicate,Aboveground_Biomass,Belowground_Biomass
1,1,2,16,P3,Nonlocal_R,Ambient_N,1,0.0361,0.0494
2,1,3,17,P3,Nonlocal_R,Ambient_N,2,0.1157,0.0990
3,2,4,19,P3,Nonlocal_R,Ambient_N,3,0.0899,0.0297
4,2,5,12,P3,Nonlocal_R,Ambient_N,4,0.1361,0.0720
5,4,4,19,P3,Nonlocal_R,Ambient_N,5,NA,NA
6,8,4,4,P3,Nonlocal_R,Ambient_N,6,0.0359,0.0314
7,1,4,16,P3,Nonlocal_R,N_Addition,1,0.2076,0.1677
8,3,6,6,P3,Nonlocal_R,N_Addition,2,0.3446,0.2525
9,3,6,20,P3,Nonlocal_R,N_Addition,3,0.3007,0.2803
10,6,3,5,P3,Nonlocal_R,N_Addition,4,0.2668,0.1069
11,7,3,3,P3,Nonlocal_R,N_Addition,6,0.2625,0.1208
12,9,1,10,P3,Nonlocal_R,N_Addition,5,0.0768,0.1297
13,2,1,15,P3,Nonlocal_U,Ambient_N,6,0.0909,0.0508
14,7,1,4,P3,Nonlocal_U,Ambient_N,1,0.0095,0.0154
15,7,5,6,P3,Nonlocal_U,Ambient_N,2,NA,NA
16,8,4,2,P3,Nonlocal_U,Ambient_N,3,0.0125,0.0165
17,9,2,8,P3,Nonlocal_U,Ambient_N,5,0.0586,0.0269
18,9,4,4,P3,Nonlocal_U,Ambient_N,4,0.0402,0.0360
19,1,1,15,P3,Nonlocal_U,N_Addition,1,0.2015,0.1157
20,4,1,11,P3,Nonlocal_U,N_Addition,2,0.2842,0.0706
21,4,3,6,P3,Nonlocal_U,N_Addition,3,0.4110,0.1703
22,5,3,5,P3,Nonlocal_U,N_Addition,4,0.0847,0.0712
23,8,2,13,P3,Nonlocal_U,N_Addition,5,0.0828,0.0639
24,9,2,20,P3,Nonlocal_U,N_Addition,6,0.4042,0.1773
25,2,4,13,P3,Local,Ambient_N,1,0.0298,0.0341
26,4,4,12,P3,Local,Ambient_N,3,0.0127,0.0086
27,5,3,6,P3,Local,Ambient_N,2,0.0185,0.0219
28,5,6,7,P3,Local,Ambient_N,4,0.3000,0.0181
29,6,5,11,P3,Local,Ambient_N,6,0.0731,0.0678
30,8,4,1,P3,Local,Ambient_N,5,0.0762,0.0533
31,3,1,9,P3,Local,N_Addition,1,0.0980,0.0513
32,3,3,18,P3,Local,N_Addition,2,0.2018,0.0910
33,5,6,4,P3,Local,N_Addition,3,0.1645,0.1437
34,6,5,20,P3,Local,N_Addition,4,0.2926,0.0924
35,6,6,20,P3,Local,N_Addition,5,0.4615,0.5262
36,7,6,14,P3,Local,N_Addition,6,0.1285,0.1253
37,1,1,14,P13,Nonlocal_R,Ambient_N,1,0.0088,0.0279
38,2,1,9,P13,Nonlocal_R,Ambient_N,2,0.0152,0.0182
39,3,1,10,P13,Nonlocal_R,Ambient_N,3,0.0139,0.0228
40,3,3,12,P13,Nonlocal_R,Ambient_N,4,0.0280,0.0146
41,7,2,19,P13,Nonlocal_R,Ambient_N,5,NA,NA
42,7,5,11,P13,Nonlocal_R,Ambient_N,6,NA,NA
43,3,4,4,P13,Nonlocal_R,N_Addition,3,0.0289,0.0189
44,4,5,3,P13,Nonlocal_R,N_Addition,4,NA,NA
45,6,6,17,P13,Nonlocal_R,N_Addition,5,NA,NA
46,7,3,10,P13,Nonlocal_R,N_Addition,6,0.0357,0.0247
47,9,6,5,P13,Nonlocal_R,N_Addition,1,NA,NA
48,9,6,11,P13,Nonlocal_R,N_Addition,2,NA,NA
49,1,2,4,P13,Nonlocal_U,Ambient_N,1,0.0057,0.0047
50,1,6,5,P13,Nonlocal_U,Ambient_N,2,NA,NA
51,5,3,9,P13,Nonlocal_U,Ambient_N,3,0.0805,0.0793
52,5,6,1,P13,Nonlocal_U,Ambient_N,4,NA,NA
53,6,4,3,P13,Nonlocal_U,Ambient_N,5,NA,NA
54,8,2,11,P13,Nonlocal_U,Ambient_N,6,NA,NA
55,1,5,9,P13,Nonlocal_U,N_Addition,1,NA,NA
56,3,1,14,P13,Nonlocal_U,N_Addition,2,0.0466,0.0575
57,4,1,15,P13,Nonlocal_U,N_Addition,3,NA,NA
58,5,4,7,P13,Nonlocal_U,N_Addition,4,0.0765,0.1007
59,8,1,20,P13,Nonlocal_U,N_Addition,5,NA,NA
60,8,6,16,P13,Nonlocal_U,N_Addition,6,0.1915,0.1111
61,2,1,10,P13,Local,Ambient_N,1,NA,NA
62,4,2,15,P13,Local,Ambient_N,2,NA,NA
63,4,6,2,P13,Local,Ambient_N,3,NA,NA
64,5,3,10,P13,Local,Ambient_N,4,NA,NA
65,7,6,3,P13,Local,Ambient_N,5,0.0888,0.0422
66,8,1,16,P13,Local,Ambient_N,6,0.0575,0.0186
67,2,4,18,P13,Local,N_Addition,3,NA,NA
68,2,4,20,P13,Local,N_Addition,4,0.1634,0.2098
69,6,2,19,P13,Local,N_Addition,5,0.1947,0.1538
70,6,6,12,P13,Local,N_Addition,6,0.0540,0.0762
71,9,4,9,P13,Local,N_Addition,1,0.1793,0.0815
72,9,5,20,P13,Local,N_Addition,2,0.1379,0.1044
73,1,4,8,P14,Nonlocal_R,Ambient_N,1,NA,NA
74,2,6,3,P14,Nonlocal_R,Ambient_N,2,0.0207,0.0161
75,5,1,14,P14,Nonlocal_R,Ambient_N,3,NA,NA
76,6,5,10,P14,Nonlocal_R,Ambient_N,4,0.0151,0.0124
77,7,4,16,P14,Nonlocal_R,Ambient_N,5,0.0749,0.0506
78,8,5,14,P14,Nonlocal_R,Ambient_N,6,NA,NA
79,2,4,14,P14,Nonlocal_R,N_Addition,2,0.0441,0.0541
80,3,2,5,P14,Nonlocal_R,N_Addition,3,0.1054,0.0828
81,6,1,13,P14,Nonlocal_R,N_Addition,4,NA,NA
82,6,5,4,P14,Nonlocal_R,N_Addition,5,NA,NA
83,7,3,4,P14,Nonlocal_R,N_Addition,6,0.1179,0.0526
84,9,1,8,P14,Nonlocal_R,N_Addition,1,NA,NA
85,1,4,13,P14,Nonlocal_U,Ambient_N,2,NA,NA
86,2,6,10,P14,Nonlocal_U,Ambient_N,3,0.0386,0.0276
87,5,1,4,P14,Nonlocal_U,Ambient_N,4,0.0371,0.0407
88,6,6,14,P14,Nonlocal_U,Ambient_N,5,0.1077,0.0735
89,8,3,9,P14,Nonlocal_U,Ambient_N,6,0.0369,0.0256
90,9,2,16,P14,Nonlocal_U,Ambient_N,1,0.0425,0.0443
91,2,6,19,P14,Nonlocal_U,N_Addition,2,0.0729,0.0633
92,4,2,20,P14,Nonlocal_U,N_Addition,3,NA,NA
93,4,6,5,P14,Nonlocal_U,N_Addition,4,0.1535,0.0572
94,5,5,1,P14,Nonlocal_U,N_Addition,5,0.1865,0.1342
95,8,2,4,P14,Nonlocal_U,N_Addition,6,0.1456,0.0872
96,9,1,3,P14,Nonlocal_U,N_Addition,1,NA,NA
97,3,3,4,P14,Local,Ambient_N,1,NA,NA
98,3,4,17,P14,Local,Ambient_N,2,0.0197,0.0133
99,4,4,6,P14,Local,Ambient_N,3,NA,NA
100,7,1,10,P14,Local,Ambient_N,4,NA,NA
101,7,6,15,P14,Local,Ambient_N,5,0.0095,0.0088
102,8,6,2,P14,Local,Ambient_N,6,NA,NA
103,1,1,1,P14,Local,N_Addition,2,0.1189,0.1021
104,1,6,7,P14,Local,N_Addition,3,NA,NA
105,3,5,14,P14,Local,N_Addition,4,NA,NA
106,4,1,5,P14,Local,N_Addition,5,NA,NA
107,5,5,5,P14,Local,N_Addition,6,NA,NA
108,9,3,3,P14,Local,N_Addition,1,0.0698,0.0606
109,2,4,9,P15,Nonlocal_R,Ambient_N,3,0.0169,0.0153
110,3,6,8,P15,Nonlocal_R,Ambient_N,4,0.0145,0.0101
111,4,4,14,P15,Nonlocal_R,Ambient_N,6,0.0117,0.0086
112,4,4,16,P15,Nonlocal_R,Ambient_N,5,0.0531,0.0521
113,9,5,15,P15,Nonlocal_R,Ambient_N,1,0.3279,0.2040
114,9,6,8,P15,Nonlocal_R,Ambient_N,2,0.0663,0.0548
115,2,5,4,P15,Nonlocal_R,N_Addition,1,0.1236,0.0687
116,3,5,12,P15,Nonlocal_R,N_Addition,2,0.0333,0.0192
117,6,2,1,P15,Nonlocal_R,N_Addition,3,0.0761,0.0893
118,8,1,9,P15,Nonlocal_R,N_Addition,4,0.1338,0.0881
119,8,3,8,P15,Nonlocal_R,N_Addition,5,0.2531,0.2031
120,8,4,16,P15,Nonlocal_R,N_Addition,6,0.1294,0.0809
121,1,6,16,P15,Nonlocal_U,Ambient_N,2,0.0100,0.0036
122,4,6,6,P15,Nonlocal_U,Ambient_N,3,0.0172,0.0141
123,5,1,12,P15,Nonlocal_U,Ambient_N,4,0.0157,0.0104
124,6,3,20,P15,Nonlocal_U,Ambient_N,2,NA,NA
125,7,2,8,P15,Nonlocal_U,Ambient_N,6,0.0113,0.0050
126,9,1,2,P15,Nonlocal_U,Ambient_N,1,0.0503,0.0450
127,1,1,12,P15,Nonlocal_U,N_Addition,1,0.0245,0.0557
128,2,1,4,P15,Nonlocal_U,N_Addition,2,0.0163,0.0273
129,2,3,3,P15,Nonlocal_U,N_Addition,3,NA,NA
130,3,3,17,P15,Nonlocal_U,N_Addition,4,0.0251,0.0371
131,6,4,10,P15,Nonlocal_U,N_Addition,5,0.1236,0.1130
132,7,4,10,P15,Nonlocal_U,N_Addition,6,0.0574,0.0426
133,1,3,7,P15,Local,Ambient_N,1,0.0033,0.0210
134,1,4,15,P15,Local,Ambient_N,2,0.1319,0.0408
135,3,1,1,P15,Local,Ambient_N,3,0.0671,0.0383
136,4,1,20,P15,Local,Ambient_N,4,0.3048,0.1408
137,5,1,19,P15,Local,Ambient_N,5,0.0650,0.0407
138,5,6,18,P15,Local,Ambient_N,6,0.3427,0.2058
139,5,3,3,P15,Local,N_Addition,2,0.0422,0.0087
140,6,2,15,P15,Local,N_Addition,3,0.3741,0.1154
141,7,2,4,P15,Local,N_Addition,4,0.1854,0.0878
142,7,6,7,P15,Local,N_Addition,5,0.3501,0.1998
143,8,3,19,P15,Local,N_Addition,6,0.3041,0.1535
144,9,4,7,P15,Local,N_Addition,1,NA,NA
145,1,4,5,P16,Nonlocal_R,Ambient_N,1,0.0172,0.0176
146,2,2,20,P16,Nonlocal_R,Ambient_N,2,0.0261,0.0442
147,2,6,18,P16,Nonlocal_R,Ambient_N,3,0.0994,0.1073
148,3,2,13,P16,Nonlocal_R,Ambient_N,4,0.0438,0.0496
149,4,2,9,P16,Nonlocal_R,Ambient_N,5,0.0934,0.0513
150,8,4,11,P16,Nonlocal_R,Ambient_N,6,0.0651,0.0711
151,2,4,15,P16,Nonlocal_R,N_Addition,1,0.0595,0.0368
152,3,6,18,P16,Nonlocal_R,N_Addition,2,0.0720,0.0653
153,4,4,10,P16,Nonlocal_R,N_Addition,3,0.3584,0.3621
154,5,2,11,P16,Nonlocal_R,N_Addition,4,0.0466,0.0739
155,6,4,18,P16,Nonlocal_R,N_Addition,5,0.1418,0.1233
156,7,6,20,P16,Nonlocal_R,N_Addition,6,0.6446,0.2455
157,2,2,17,P16,Nonlocal_U,Ambient_N,2,0.2322,0.0880
158,3,2,1,P16,Nonlocal_U,Ambient_N,3,0.0555,0.0516
159,5,1,1,P16,Nonlocal_U,Ambient_N,4,NA,NA
160,5,3,13,P16,Nonlocal_U,Ambient_N,5,0.0886,0.0737
161,7,5,14,P16,Nonlocal_U,Ambient_N,6,0.0202,0.0402
162,9,4,1,P16,Nonlocal_U,Ambient_N,1,0.0273,0.0344
163,3,5,1,P16,Nonlocal_U,N_Addition,1,0.0525,0.0763
164,4,4,11,P16,Nonlocal_U,N_Addition,2,0.2055,0.1247
165,6,2,17,P16,Nonlocal_U,N_Addition,3,NA,NA
166,6,4,6,P16,Nonlocal_U,N_Addition,4,0.0592,0.0710
167,7,6,13,P16,Nonlocal_U,N_Addition,5,0.2168,0.1893
168,8,5,3,P16,Nonlocal_U,N_Addition,6,NA,NA
169,1,4,14,P16,Local,Ambient_N,4,0.0596,0.0349
170,5,6,13,P16,Local,Ambient_N,5,0.1355,0.0968
171,8,4,8,P16,Local,Ambient_N,6,0.0219,0.0318
172,9,1,5,P16,Local,Ambient_N,1,0.0096,0.0153
173,9,3,11,P16,Local,Ambient_N,2,0.0481,0.0840
174,9,4,5,P16,Local,Ambient_N,3,0.0372,0.0321
175,1,4,2,P16,Local,N_Addition,1,0.0457,0.0908
176,1,6,18,P16,Local,N_Addition,2,0.2475,0.2885
177,4,1,2,P16,Local,N_Addition,3,0.0772,0.0749
178,6,6,16,P16,Local,N_Addition,4,0.3160,0.2584
179,7,3,18,P16,Local,N_Addition,5,0.0130,0.0138
180,8,1,6,P16,Local,N_Addition,6,0.0626,0.1141
181,1,5,6,P18,Nonlocal_R,Ambient_N,1,0.0600,0.0748
182,6,1,8,P18,Nonlocal_R,Ambient_N,5,0.0750,0.0422
183,6,5,9,P18,Nonlocal_R,Ambient_N,3,0.0408,0.0332
184,6,5,17,P18,Nonlocal_R,Ambient_N,4,0.0879,0.0544
185,8,2,9,P18,Nonlocal_R,Ambient_N,2,0.0772,0.0317
186,9,5,17,P18,Nonlocal_R,Ambient_N,6,NA,NA
187,2,1,11,P18,Nonlocal_R,N_Addition,1,0.0673,0.0672
188,2,3,20,P18,Nonlocal_R,N_Addition,2,0.1884,0.1750
189,5,1,11,P18,Nonlocal_R,N_Addition,3,0.1589,0.1042
190,5,4,20,P18,Nonlocal_R,N_Addition,4,0.2523,0.1351
191,7,1,7,P18,Nonlocal_R,N_Addition,5,0.0972,0.0883
192,7,2,2,P18,Nonlocal_R,N_Addition,6,0.0639,0.0877
193,1,4,10,P18,Nonlocal_U,Ambient_N,1,0.0043,0.0052
194,1,5,2,P18,Nonlocal_U,Ambient_N,2,0.0212,0.0234
195,3,4,11,P18,Nonlocal_U,Ambient_N,3,0.0266,0.0175
196,3,4,12,P18,Nonlocal_U,Ambient_N,4,0.0494,0.0257
197,4,2,12,P18,Nonlocal_U,Ambient_N,5,0.0293,0.0301
198,9,2,7,P18,Nonlocal_U,Ambient_N,6,NA,NA
199,1,4,4,P18,Nonlocal_U,N_Addition,1,0.0667,0.0505
200,3,1,4,P18,Nonlocal_U,N_Addition,2,0.0286,0.0249
201,4,1,16,P18,Nonlocal_U,N_Addition,3,0.0484,0.0425
202,4,5,19,P18,Nonlocal_U,N_Addition,4,0.1962,0.1356
203,5,3,12,P18,Nonlocal_U,N_Addition,5,0.0701,0.0675
204,8,6,7,P18,Nonlocal_U,N_Addition,6,NA,NA
205,2,4,8,P18,Local,Ambient_N,1,0.0290,0.0216
206,4,3,13,P18,Local,Ambient_N,2,0.0903,0.0833
207,6,4,11,P18,Local,Ambient_N,3,0.000,0.000
208,7,1,17,P18,Local,Ambient_N,4,0.0225,0.0281
209,7,3,9,P18,Local,Ambient_N,5,0.0310,0.0456
210,8,1,17,P18,Local,Ambient_N,6,0.2482,0.1325
211,2,4,4,P18,Local,N_Addition,1,0.1321,0.1312
212,3,4,7,P18,Local,N_Addition,2,0.3661,0.1302
213,5,1,18,P18,Local,N_Addition,3,NA,NA
214,8,4,20,P18,Local,N_Addition,4,0.1554,0.0725
215,9,1,12,P18,Local,N_Addition,5,0.1278,0.1162
216,9,2,13,P18,Local,N_Addition,6,0.1700,0.1495
217,2,3,19,P20,Nonlocal_R,Ambient_N,1,0.0271,0.0228
218,3,3,19,P20,Nonlocal_R,Ambient_N,2,0.0423,0.0554
219,7,1,11,P20,Nonlocal_R,Ambient_N,3,0.1307,0.0852
220,8,5,5,P20,Nonlocal_R,Ambient_N,4,0.0048,0.0036
221,9,1,17,P20,Nonlocal_R,Ambient_N,5,NA,NA
222,9,3,18,P20,Nonlocal_R,Ambient_N,6,NA,NA
223,1,5,3,P20,Nonlocal_R,N_Addition,1,NA,NA
224,3,6,15,P20,Nonlocal_R,N_Addition,2,0.3502,0.1103
225,6,2,7,P20,Nonlocal_R,N_Addition,3,0.2301,0.0903
226,6,6,2,P20,Nonlocal_R,N_Addition,4,0.5181,0.2020
227,7,3,12,P20,Nonlocal_R,N_Addition,5,0.1126,0.0785
228,8,1,8,P20,Nonlocal_R,N_Addition,6,NA,NA
229,2,2,5,P20,Nonlocal_U,Ambient_N,1,0.0076,0.0077
230,2,4,17,P20,Nonlocal_U,Ambient_N,2,0.0465,0.0675
231,5,4,1,P20,Nonlocal_U,Ambient_N,3,0.0236,0.0253
232,6,1,10,P20,Nonlocal_U,Ambient_N,4,0.0153,0.0133
233,6,6,6,P20,Nonlocal_U,Ambient_N,5,0.0207,0.0799
234,8,2,7,P20,Nonlocal_U,Ambient_N,6,0.0206,0.0287
235,1,2,17,P20,Nonlocal_U,N_Addition,1,0.2764,0.6073
236,1,5,4,P20,Nonlocal_U,N_Addition,2,0.0415,0.1355
237,5,4,18,P20,Nonlocal_U,N_Addition,6,0.0356,0.0638
238,5,5,20,P20,Nonlocal_U,N_Addition,3,0.3718,0.1763
239,7,3,11,P20,Nonlocal_U,N_Addition,5,0.0348,0.0474
240,8,6,15,P20,Nonlocal_U,N_Addition,4,0.0885,0.1861
241,2,2,19,P20,Local,Ambient_N,1,NA,NA
242,4,1,7,P20,Local,Ambient_N,2,0.0901,0.0730
243,5,4,12,P20,Local,Ambient_N,3,0.0864,0.0736
244,7,6,16,P20,Local,Ambient_N,4,0.0771,0.0518
245,9,3,2,P20,Local,Ambient_N,5,0.0927,0.0915
246,9,5,19,P20,Local,Ambient_N,6,0.0525,0.0541
247,1,4,11,P20,Local,N_Addition,1,0.0915,0.0729
248,3,4,6,P20,Local,N_Addition,2,0.2121,0.0825
249,3,5,16,P20,Local,N_Addition,3,0.1156,0.1012
250,4,1,14,P20,Local,N_Addition,4,0.2084,0.1335
251,4,3,15,P20,Local,N_Addition,5,0.3406,0.1626
252,4,4,17,P20,Local,N_Addition,6,0.4327,0.2181
253,1,1,3,P21,Nonlocal_R,Ambient_N,1,NA,NA
254,4,6,9,P21,Nonlocal_R,Ambient_N,2,0.0617,0.0455
255,6,1,15,P21,Nonlocal_R,Ambient_N,3,0.0657,0.1419
256,6,3,13,P21,Nonlocal_R,Ambient_N,4,0.0677,0.0445
257,7,2,13,P21,Nonlocal_R,Ambient_N,5,0.1289,0.1341
258,8,5,19,P21,Nonlocal_R,Ambient_N,6,0.0904,0.0763
259,1,3,2,P21,Nonlocal_R,N_Addition,2,NA,NA
260,3,3,13,P21,Nonlocal_R,N_Addition,3,NA,NA
261,3,4,1,P21,Nonlocal_R,N_Addition,4,NA,NA
262,6,4,19,P21,Nonlocal_R,N_Addition,5,0.1849,0.1363
263,7,6,9,P21,Nonlocal_R,N_Addition,6,0.1896,0.1882
264,9,5,8,P21,Nonlocal_R,N_Addition,1,0.0737,0.0467
265,2,1,1,P21,Nonlocal_U,Ambient_N,2,0.0082,0.0075
266,2,6,12,P21,Nonlocal_U,Ambient_N,3,NA,NA
267,4,6,15,P21,Nonlocal_U,Ambient_N,4,0.0298,0.0387
268,5,3,1,P21,Nonlocal_U,Ambient_N,5,0.0127,0.0068
269,8,4,9,P21,Nonlocal_U,Ambient_N,6,0.0188,0.0162
270,9,1,6,P21,Nonlocal_U,Ambient_N,1,0.0109,0.0092
271,1,2,2,P21,Nonlocal_U,N_Addition,2,0.0102,0.0212
272,2,2,4,P21,Nonlocal_U,N_Addition,3,NA,NA
273,4,3,3,P21,Nonlocal_U,N_Addition,4,0.1332,0.1360
274,5,2,1,P21,Nonlocal_U,N_Addition,5,NA,NA
275,5,2,14,P21,Nonlocal_U,N_Addition,6,0.2986,0.2254
276,9,3,20,P21,Nonlocal_U,N_Addition,1,0.0293,0.0426
277,1,1,13,P21,Local,Ambient_N,1,0.0631,0.0912
278,2,1,19,P21,Local,Ambient_N,2,0.2170,0.1741
279,3,2,9,P21,Local,Ambient_N,3,0.0429,0.0363
280,3,6,4,P21,Local,Ambient_N,4,0.0462,0.0251
281,4,6,8,P21,Local,Ambient_N,5,NA,NA
282,5,5,16,P21,Local,Ambient_N,6,0.0206,0.0131
283,6,5,1,P21,Local,N_Addition,2,0.2129,0.4131
284,7,1,13,P21,Local,N_Addition,5,0.0554,0.0475
285,7,6,12,P21,Local,N_Addition,4,NA,NA
286,8,2,8,P21,Local,N_Addition,3,0.0498,0.0654
287,8,2,10,P21,Local,N_Addition,6,NA,NA
288,9,1,20,P21,Local,N_Addition,1,NA,NA
289,2,5,19,P22,Nonlocal_R,Ambient_N,3,NA,NA
290,4,6,14,P22,Nonlocal_R,Ambient_N,4,0.2630,0.0979
291,5,2,10,P22,Nonlocal_R,Ambient_N,5,0.0458,0.0427
292,5,5,18,P22,Nonlocal_R,Ambient_N,6,NA,NA
293,9,1,15,P22,Nonlocal_R,Ambient_N,1,0.1219,0.0576
294,9,6,7,P22,Nonlocal_R,Ambient_N,2,NA,NA
295,1,4,9,P22,Nonlocal_R,N_Addition,1,NA,NA
296,2,4,11,P22,Nonlocal_R,N_Addition,2,NA,NA
297,3,4,9,P22,Nonlocal_R,N_Addition,3,NA,NA
298,3,5,2,P22,Nonlocal_R,N_Addition,4,NA,NA
299,5,2,12,P22,Nonlocal_R,N_Addition,5,NA,NA
300,8,5,16,P22,Nonlocal_R,N_Addition,6,NA,NA
301,2,3,16,P22,Nonlocal_U,Ambient_N,1,NA,NA
302,6,2,2,P22,Nonlocal_U,Ambient_N,2,NA,NA
303,7,6,10,P22,Nonlocal_U,Ambient_N,3,NA,NA
304,7,6,11,P22,Nonlocal_U,Ambient_N,4,NA,NA
305,7,6,19,P22,Nonlocal_U,Ambient_N,5,0.0475,0.0315
306,8,3,2,P22,Nonlocal_U,Ambient_N,6,NA,NA
307,3,5,5,P22,Nonlocal_U,N_Addition,2,0.0461,0.0620
308,4,2,8,P22,Nonlocal_U,N_Addition,3,0.1777,0.1146
309,4,3,12,P22,Nonlocal_U,N_Addition,4,NA,NA
310,6,3,1,P22,Nonlocal_U,N_Addition,5,NA,NA
311,8,4,15,P22,Nonlocal_U,N_Addition,6,NA,NA
312,9,1,14,P22,Nonlocal_U,N_Addition,1,NA,NA
313,1,3,12,P22,Local,Ambient_N,1,0.0382,0.0380
314,2,5,6,P22,Local,Ambient_N,2,NA,NA
315,4,5,20,P22,Local,Ambient_N,3,0.3579,0.2022
316,5,1,3,P22,Local,Ambient_N,5,NA,NA
317,6,1,2,P22,Local,Ambient_N,4,NA,NA
318,7,5,12,P22,Local,Ambient_N,6,NA,NA
319,1,3,16,P22,Local,N_Addition,2,NA,NA
320,1,5,19,P22,Local,N_Addition,3,NA,NA
321,3,5,20,P22,Local,N_Addition,5,NA,NA
322,6,3,19,P22,Local,N_Addition,4,1.2795,0.9919
323,8,6,14,P22,Local,N_Addition,6,NA,NA
324,9,3,15,P22,Local,N_Addition,1,NA,NA
325,1,6,13,P4,Nonlocal_R,Ambient_N,1,0.1319,0.0746
326,3,2,20,P4,Nonlocal_R,Ambient_N,2,0.1354,0.0745
327,4,6,4,P4,Nonlocal_R,Ambient_N,3,0.2056,0.1164
328,5,3,14,P4,Nonlocal_R,Ambient_N,4,0.0897,0.0474
329,5,3,15,P4,Nonlocal_R,Ambient_N,5,0.1081,0.0336
330,6,1,1,P4,Nonlocal_R,Ambient_N,6,0.0459,0.0213
331,1,5,14,P4,Nonlocal_R,N_Addition,2,0.3432,0.2411
332,3,2,6,P4,Nonlocal_R,N_Addition,3,0.2932,0.1041
333,7,3,8,P4,Nonlocal_R,N_Addition,4,0.5537,0.5110
334,8,1,18,P4,Nonlocal_R,N_Addition,5,0.7815,0.4089
335,8,5,10,P4,Nonlocal_R,N_Addition,6,0.0914,0.0573
336,9,1,11,P4,Nonlocal_R,N_Addition,1,0.1835,0.1052
337,1,3,4,P4,Nonlocal_U,Ambient_N,1,0.1534,0.0881
338,2,3,7,P4,Nonlocal_U,Ambient_N,2,NA,NA
339,3,3,2,P4,Nonlocal_U,Ambient_N,3,0.0526,0.0138
340,4,3,20,P4,Nonlocal_U,Ambient_N,4,1.4161,0.4399
341,8,2,16,P4,Nonlocal_U,Ambient_N,5,0.0745,0.0334
342,8,6,12,P4,Nonlocal_U,Ambient_N,6,0.1406,0.0872
343,1,2,9,P4,Nonlocal_U,N_Addition,2,0.1332,0.0765
344,2,2,3,P4,Nonlocal_U,N_Addition,3,0.1796,0.0873
345,2,4,2,P4,Nonlocal_U,N_Addition,4,0.2033,0.1258
346,3,6,19,P4,Nonlocal_U,N_Addition,5,0.8023,0.3721
347,5,5,2,P4,Nonlocal_U,N_Addition,6,0.1546,0.1073
348,9,2,9,P4,Nonlocal_U,N_Addition,1,0.4044,0.2183
349,4,5,16,P4,Local,Ambient_N,2,0.0694,0.0621
350,4,6,19,P4,Local,Ambient_N,3,0.4347,0.2208
351,7,4,11,P4,Local,Ambient_N,4,0.0124,0.0133
352,7,4,17,P4,Local,Ambient_N,5,0.4410,0.0108
353,7,5,1,P4,Local,Ambient_N,6,0.1200,0.0578
354,9,2,17,P4,Local,Ambient_N,1,NA,NA
355,2,6,15,P4,Local,N_Addition,2,NA,NA
356,5,1,20,P4,Local,N_Addition,3,0.2881,0.1334
357,6,2,18,P4,Local,N_Addition,4,0.6928,0.2604
358,6,4,4,P4,Local,N_Addition,5,0.3187,0.0790
359,6,5,19,P4,Local,N_Addition,6,0.5150,0.1859
360,9,5,12,P4,Local,N_Addition,1,0.2081,0.1688
361,2,6,4,P23,Nonlocal_R,Ambient_N,2,0.1108,0.0572
362,4,5,5,P23,Nonlocal_R,Ambient_N,3,0.0076,0.0017
363,6,3,12,P23,Nonlocal_R,Ambient_N,4,NA,NA
364,7,3,6,P23,Nonlocal_R,Ambient_N,5,NA,NA
365,7,4,14,P23,Nonlocal_R,Ambient_N,6,0.0418,0.0243
366,9,2,14,P23,Nonlocal_R,Ambient_N,1,0.0681,0.0940
367,1,3,20,P23,Nonlocal_R,N_Addition,1,0.6001,0.3677
368,2,1,2,P23,Nonlocal_R,N_Addition,2,NA,NA
369,5,5,12,P23,Nonlocal_R,N_Addition,3,0.1635,0.0537
370,5,5,17,P23,Nonlocal_R,N_Addition,4,0.2771,0.2309
371,6,1,12,P23,Nonlocal_R,N_Addition,5,0.9115,0.3469
372,8,1,12,P23,Nonlocal_R,N_Addition,6,NA,NA
373,2,6,20,P23,Nonlocal_U,Ambient_N,1,0.0083,0.0330
374,3,6,12,P23,Nonlocal_U,Ambient_N,2,0.0269,0.0090
375,4,2,2,P23,Nonlocal_U,Ambient_N,3,0.0270,0.0353
376,5,1,15,P23,Nonlocal_U,Ambient_N,4,NA,NA
377,6,6,3,P23,Nonlocal_U,Ambient_N,5,0.1213,0.0979
378,8,1,10,P23,Nonlocal_U,Ambient_N,6,NA,NA
379,3,5,10,P23,Nonlocal_U,N_Addition,2,NA,NA
380,3,6,5,P23,Nonlocal_U,N_Addition,3,0.1355,0.1688
381,4,2,11,P23,Nonlocal_U,N_Addition,4,0.3096,0.2367
382,4,3,2,P23,Nonlocal_U,N_Addition,5,NA,NA
383,7,3,1,P23,Nonlocal_U,N_Addition,6,0.0784,0.0545
384,9,6,1,P23,Nonlocal_U,N_Addition,1,0.4537,0.3425
385,1,2,3,P23,Local,Ambient_N,2,NA,NA
386,1,3,13,P23,Local,Ambient_N,3,0.0779,0.0600
387,6,6,4,P23,Local,Ambient_N,4,NA,NA
388,7,4,19,P23,Local,Ambient_N,5,0.4521,0.2325
389,8,6,19,P23,Local,Ambient_N,6,0.0114,0.0147
390,9,6,3,P23,Local,Ambient_N,1,0.0092,0.0223
391,1,6,4,P23,Local,N_Addition,2,0.1813,0.1781
392,2,3,14,P23,Local,N_Addition,3,0.0383,0.0571
393,3,3,5,P23,Local,N_Addition,4,NA,NA
394,5,5,9,P23,Local,N_Addition,5,0.2374,0.1495
395,8,3,1,P23,Local,N_Addition,6,NA,NA
396,9,4,2,P23,Local,N_Addition,1,0.0682,0.0493
397,1,4,12,P25,Nonlocal_R,Ambient_N,2,NA,NA
398,2,5,11,P25,Nonlocal_R,Ambient_N,3,NA,NA
399,4,6,16,P25,Nonlocal_R,Ambient_N,4,NA,NA
400,7,5,2,P25,Nonlocal_R,Ambient_N,5,NA,NA
401,8,3,20,P25,Nonlocal_R,Ambient_N,6,0.0073,0.0434
402,9,6,16,P25,Nonlocal_R,Ambient_N,1,0.0563,0.0334
403,1,6,11,P25,Nonlocal_R,N_Addition,1,0.0775,0.0552
404,4,6,7,P25,Nonlocal_R,N_Addition,3,0.2194,0.2294
405,5,2,17,P25,Nonlocal_R,N_Addition,2,0.1331,0.0873
406,5,3,16,P25,Nonlocal_R,N_Addition,4,NA,NA
407,5,6,14,P25,Nonlocal_R,N_Addition,5,0.2985,0.1141
408,8,5,17,P25,Nonlocal_R,N_Addition,6,NA,NA
409,2,3,18,P25,Nonlocal_U,Ambient_N,1,0.0055,0.0041
410,3,2,12,P25,Nonlocal_U,Ambient_N,3,NA,NA
411,3,3,10,P25,Nonlocal_U,Ambient_N,4,0.0074,0.0071
412,3,4,2,P25,Nonlocal_U,Ambient_N,6,NA,NA
413,6,2,12,P25,Nonlocal_U,Ambient_N,2,NA,NA
414,8,4,10,P25,Nonlocal_U,Ambient_N,5,NA,NA
415,1,3,8,P25,Nonlocal_U,N_Addition,2,NA,NA
416,4,6,11,P25,Nonlocal_U,N_Addition,6,NA,NA
417,7,2,5,P25,Nonlocal_U,N_Addition,4,NA,NA
418,7,3,20,P25,Nonlocal_U,N_Addition,3,NA,NA
419,8,3,17,P25,Nonlocal_U,N_Addition,5,NA,NA
420,9,5,5,P25,Nonlocal_U,N_Addition,1,NA,NA
421,2,3,8,P25,Local,Ambient_N,2,0.0061,0.0026
422,3,1,2,P25,Local,Ambient_N,3,0.0429,0.0326
423,5,2,3,P25,Local,Ambient_N,6,0.000,0.0091
424,6,2,11,P25,Local,Ambient_N,5,NA,NA
425,6,3,3,P25,Local,Ambient_N,4,NA,NA
426,9,3,8,P25,Local,Ambient_N,1,NA,NA
427,1,5,15,P25,Local,N_Addition,2,0.1096,0.2598
428,2,4,1,P25,Local,N_Addition,3,0.2298,0.0970
429,4,1,19,P25,Local,N_Addition,4,0.6736,0.2101
430,6,2,4,P25,Local,N_Addition,5,NA,NA
431,7,2,9,P25,Local,N_Addition,6,0.1291,0.0506
432,9,5,13,P25,Local,N_Addition,1,0.1872,0.1389
433,1,1,20,P26,Nonlocal_R,Ambient_N,2,0.0815,0.1026
434,6,1,3,P26,Nonlocal_R,Ambient_N,4,0.0706,0.0399
435,7,2,18,P26,Nonlocal_R,Ambient_N,5,0.0258,0.0228
436,7,4,3,P26,Nonlocal_R,Ambient_N,6,NA,NA
437,8,6,10,P26,Nonlocal_R,Ambient_N,3,0.0092,0.0091
438,9,2,4,P26,Nonlocal_R,Ambient_N,1,0.0214,0.0249
439,2,3,9,P26,Nonlocal_R,N_Addition,3,NA,NA
440,4,4,7,P26,Nonlocal_R,N_Addition,6,0.0725,0.0636
441,8,2,19,P26,Nonlocal_R,N_Addition,4,0.2214,0.1993
442,8,5,4,P26,Nonlocal_R,N_Addition,5,0.0596,0.0847
443,9,5,3,P26,Nonlocal_R,N_Addition,1,0.0819,0.0780
444,9,5,11,P26,Nonlocal_R,N_Addition,2,NA,NA
445,1,5,20,P26,Nonlocal_U,Ambient_N,2,0.0848,0.0336
446,3,6,10,P26,Nonlocal_U,Ambient_N,3,NA,NA
447,5,3,7,P26,Nonlocal_U,Ambient_N,4,0.0051,0.0116
448,6,2,20,P26,Nonlocal_U,Ambient_N,5,NA,NA
449,6,5,16,P26,Nonlocal_U,Ambient_N,6,0.0130,0.0365
450,9,6,2,P26,Nonlocal_U,Ambient_N,1,0.0386,0.0310
451,1,4,17,P26,Nonlocal_U,N_Addition,1,0.1037,0.0927
452,2,1,6,P26,Nonlocal_U,N_Addition,2,0.1155,0.1118
453,2,5,18,P26,Nonlocal_U,N_Addition,3,0.1953,0.2140
454,4,2,3,P26,Nonlocal_U,N_Addition,4,NA,NA
455,5,6,15,P26,Nonlocal_U,N_Addition,5,0.2358,0.1594
456,6,1,18,P26,Nonlocal_U,N_Addition,6,NA,NA
457,1,5,13,P26,Local,Ambient_N,1,0.0085,0.0078
458,3,3,20,P26,Local,Ambient_N,2,0.0993,0.0744
459,5,5,8,P26,Local,Ambient_N,3,NA,NA
460,5,5,14,P26,Local,Ambient_N,4,NA,NA
461,7,2,17,P26,Local,Ambient_N,5,NA,NA
462,8,5,13,P26,Local,Ambient_N,6,0.0177,0.0184
463,2,3,12,P26,Local,N_Addition,1,0.0683,0.0187
464,3,2,15,P26,Local,N_Addition,2,0.1304,0.0641
465,3,3,8,P26,Local,N_Addition,3,0.1544,0.2318
466,4,2,14,P26,Local,N_Addition,4,0.4114,0.2672
467,4,3,10,P26,Local,N_Addition,5,0.0786,0.1582
468,7,4,2,P26,Local,N_Addition,6,0.1528,0.1116
469,2,3,10,P28,Nonlocal_R,Ambient_N,6,NA,NA
470,6,1,11,P28,Nonlocal_R,Ambient_N,4,0.0136,0.0126
471,7,6,4,P28,Nonlocal_R,Ambient_N,5,0.0692,0.0534
472,9,3,6,P28,Nonlocal_R,Ambient_N,1,0.0586,0.0306
473,9,5,7,P28,Nonlocal_R,Ambient_N,3,NA,NA
474,9,6,4,P28,Nonlocal_R,Ambient_N,2,NA,NA
475,1,2,1,P28,Nonlocal_R,N_Addition,3,0.2973,0.2898
476,2,3,5,P28,Nonlocal_R,N_Addition,2,NA,NA
477,3,3,6,P28,Nonlocal_R,N_Addition,1,0.0971,0.0995
478,3,5,13,P28,Nonlocal_R,N_Addition,4,0.1271,0.1149
479,6,6,10,P28,Nonlocal_R,N_Addition,5,NA,NA
480,8,5,8,P28,Nonlocal_R,N_Addition,6,0.0403,0.1078
481,1,6,12,P28,Nonlocal_U,Ambient_N,1,NA,NA
482,2,4,7,P28,Nonlocal_U,Ambient_N,2,NA,NA
483,3,6,2,P28,Nonlocal_U,Ambient_N,3,0.0261,0.0237
484,4,2,1,P28,Nonlocal_U,Ambient_N,5,0.0442,0.0547
485,4,4,20,P28,Nonlocal_U,Ambient_N,4,0.0091,0.0299
486,8,1,1,P28,Nonlocal_U,Ambient_N,6,NA,NA
487,4,4,4,P28,Nonlocal_U,N_Addition,3,0.0857,0.0838
488,5,3,18,P28,Nonlocal_U,N_Addition,2,0.1034,0.1176
489,7,3,14,P28,Nonlocal_U,N_Addition,4,NA,NA
490,7,5,4,P28,Nonlocal_U,N_Addition,5,0.2039,0.1396
491,8,6,18,P28,Nonlocal_U,N_Addition,6,0.0813,0.1299
492,9,2,3,P28,Nonlocal_U,N_Addition,1,0.1078,0.1143
493,2,2,14,P28,Local,Ambient_N,1,0.0624,0.0378
494,3,5,18,P28,Local,Ambient_N,2,NA,NA
495,5,4,13,P28,Local,Ambient_N,6,0.1402,0.1071
496,5,6,9,P28,Local,Ambient_N,3,0.0343,0.0402
497,6,1,16,P28,Local,Ambient_N,4,NA,NA
498,7,1,1,P28,Local,Ambient_N,5,0.1226,0.0901
499,1,2,11,P28,Local,N_Addition,1,0.1659,0.1527
500,1,6,1,P28,Local,N_Addition,2,0.1288,0.0883
501,4,1,3,P28,Local,N_Addition,3,0.0672,0.0816
502,5,4,19,P28,Local,N_Addition,4,0.0538,0.0371
503,6,3,6,P28,Local,N_Addition,5,0.0706,0.0744
504,8,3,11,P28,Local,N_Addition,6,NA,NA
505,1,5,8,P29,Nonlocal_R,Ambient_N,1,0.0806,0.0464
506,4,5,4,P29,Nonlocal_R,Ambient_N,2,0.0370,0.0510
507,6,4,12,P29,Nonlocal_R,Ambient_N,3,0.0276,0.0332
508,8,2,5,P29,Nonlocal_R,Ambient_N,4,0.0136,0.0124
509,8,4,6,P29,Nonlocal_R,Ambient_N,5,0.0235,0.0215
510,9,4,8,P29,Nonlocal_R,Ambient_N,6,0.0309,0.0041
511,1,6,3,P29,Nonlocal_R,N_Addition,1,NA,NA
512,2,2,15,P29,Nonlocal_R,N_Addition,2,0.2132,0.2164
513,5,4,5,P29,Nonlocal_R,N_Addition,3,0.1937,0.1032
514,5,4,9,P29,Nonlocal_R,N_Addition,4,0.0878,0.0689
515,5,5,19,P29,Nonlocal_R,N_Addition,5,0.8302,0.4384
516,7,3,5,P29,Nonlocal_R,N_Addition,6,0.1725,0.2213
517,2,4,10,P29,Nonlocal_U,Ambient_N,1,0.0081,0.0054
518,2,5,16,P29,Nonlocal_U,Ambient_N,2,0.0516,0.0193
519,3,4,18,P29,Nonlocal_U,Ambient_N,3,0.0808,0.0611
520,7,5,13,P29,Nonlocal_U,Ambient_N,4,0.0453,0.0176
521,8,3,6,P29,Nonlocal_U,Ambient_N,5,0.0145,0.0268
522,8,4,12,P29,Nonlocal_U,Ambient_N,6,0.0232,0.0183
523,1,3,10,P29,Nonlocal_U,N_Addition,1,0.1664,0.1091
524,3,3,16,P29,Nonlocal_U,N_Addition,2,0.1401,0.1429
525,4,5,12,P29,Nonlocal_U,N_Addition,3,0.0899,0.1046
526,5,4,10,P29,Nonlocal_U,N_Addition,4,0.2135,0.1119
527,6,2,9,P29,Nonlocal_U,N_Addition,5,0.1541,0.1514
528,9,2,1,P29,Nonlocal_U,N_Addition,6,0.1307,0.0889
529,3,1,15,P29,Local,Ambient_N,1,0.0627,0.0248
530,3,3,1,P29,Local,Ambient_N,2,0.0333,0.0243
531,4,2,5,P29,Local,Ambient_N,3,0.0679,0.0499
532,4,5,1,P29,Local,Ambient_N,4,0.0644,0.0268
533,6,2,14,P29,Local,Ambient_N,5,0.6048,0.2644
534,9,2,18,P29,Local,Ambient_N,6,0.2406,0.1274
535,1,3,15,P29,Local,N_Addition,1,0.4113,0.1936
536,2,4,12,P29,Local,N_Addition,2,0.2636,0.2290
537,6,2,10,P29,Local,N_Addition,3,0.1592,0.1545
538,7,1,5,P29,Local,N_Addition,4,NA,NA
539,7,4,9,P29,Local,N_Addition,5,0.2992,0.1238
540,9,5,14,P29,Local,N_Addition,6,0.5168,0.1973
541,2,5,14,P30,Nonlocal_R,Ambient_N,3,0.8238,0.3493
542,3,4,13,P30,Nonlocal_R,Ambient_N,2,0.1012,0.0489
543,4,3,19,P30,Nonlocal_R,Ambient_N,4,0.1598,0.0963
544,6,3,16,P30,Nonlocal_R,Ambient_N,1,0.2497,0.0590
545,8,2,1,P30,Nonlocal_R,Ambient_N,5,0.1413,0.1183
546,9,4,10,P30,Nonlocal_R,Ambient_N,6,0.0509,0.0590
547,3,1,5,P30,Nonlocal_R,N_Addition,1,0.4800,0.0648
548,3,1,20,P30,Nonlocal_R,N_Addition,2,NA,NA
549,4,6,17,P30,Nonlocal_R,N_Addition,3,0.2451,0.1676
550,5,4,14,P30,Nonlocal_R,N_Addition,4,NA,NA
551,7,5,15,P30,Nonlocal_R,N_Addition,5,0.6493,0.4970
552,8,3,15,P30,Nonlocal_R,N_Addition,6,0.1141,0.1029
553,1,2,20,P30,Nonlocal_U,Ambient_N,1,0.0536,0.0741
554,2,4,5,P30,Nonlocal_U,Ambient_N,2,NA,NA
555,4,5,13,P30,Nonlocal_U,Ambient_N,3,0.0613,0.0785
556,7,4,7,P30,Nonlocal_U,Ambient_N,4,0.0564,0.0349
557,8,4,13,P30,Nonlocal_U,Ambient_N,5,0.0162,0.0229
558,8,5,15,P30,Nonlocal_U,Ambient_N,6,0.0255,0.0141
559,1,3,11,P30,Nonlocal_U,N_Addition,1,0.1604,0.1179
560,1,4,20,P30,Nonlocal_U,N_Addition,2,0.3085,0.1607
561,4,5,6,P30,Nonlocal_U,N_Addition,3,0.2503,0.2568
562,7,3,17,P30,Nonlocal_U,N_Addition,4,0.2747,0.2280
563,7,6,17,P30,Nonlocal_U,N_Addition,5,0.2216,0.1182
564,9,6,13,P30,Nonlocal_U,N_Addition,6,0.3169,0.3155
565,1,6,6,P30,Local,Ambient_N,1,NA,NA
566,2,2,18,P30,Local,Ambient_N,2,0.0346,0.0264
567,5,6,6,P30,Local,Ambient_N,3,0.0713,0.0533
568,6,1,17,P30,Local,Ambient_N,4,0.3808,0.1990
569,9,2,15,P30,Local,Ambient_N,5,0.4009,0.3138
570,9,3,4,P30,Local,Ambient_N,6,0.0466,0.0257
571,2,5,9,P30,Local,N_Addition,1,0.3871,0.1337
572,3,5,4,P30,Local,N_Addition,2,0.0922,0.0785
573,5,2,13,P30,Local,N_Addition,3,0.2813,0.1271
574,5,5,13,P30,Local,N_Addition,4,0.0477,0.0472
575,6,4,5,P30,Local,N_Addition,5,0.3317,0.3048
576,6,5,7,P30,Local,N_Addition,6,NA,NA
577,1,1,19,P31,Nonlocal_R,Ambient_N,1,NA,NA
578,4,5,15,P31,Nonlocal_R,Ambient_N,2,0.0475,0.0377
579,5,4,15,P31,Nonlocal_R,Ambient_N,3,0.0336,0.0371
580,6,5,13,P31,Nonlocal_R,Ambient_N,4,0.000,0.0101
581,7,4,20,P31,Nonlocal_R,Ambient_N,5,0.1661,0.1143
582,9,3,9,P31,Nonlocal_R,Ambient_N,6,0.0172,0.0158
583,1,2,14,P31,Nonlocal_R,N_Addition,1,NA,NA
584,1,3,6,P31,Nonlocal_R,N_Addition,2,NA,NA
585,2,6,17,P31,Nonlocal_R,N_Addition,3,0.2400,0.1563
586,5,5,4,P31,Nonlocal_R,N_Addition,4,0.1499,0.1382
587,7,3,2,P31,Nonlocal_R,N_Addition,5,NA,NA
588,9,6,15,P31,Nonlocal_R,N_Addition,6,0.0888,0.0952
589,3,3,15,P31,Nonlocal_U,Ambient_N,1,0.0253,0.0119
590,4,1,6,P31,Nonlocal_U,Ambient_N,2,0.0381,0.0347
591,6,1,9,P31,Nonlocal_U,Ambient_N,5,0.0036,0.0030
592,7,2,6,P31,Nonlocal_U,Ambient_N,4,0.0095,0.0071
593,8,4,7,P31,Nonlocal_U,Ambient_N,3,0.2953,0.1119
594,9,3,7,P31,Nonlocal_U,Ambient_N,6,0.0240,0.0120
595,2,5,17,P31,Nonlocal_U,N_Addition,1,0.1127,0.0635
596,2,6,9,P31,Nonlocal_U,N_Addition,2,0.0382,0.0303
597,3,2,18,P31,Nonlocal_U,N_Addition,3,0.2094,0.0888
598,4,5,2,P31,Nonlocal_U,N_Addition,4,NA,NA
599,6,4,16,P31,Nonlocal_U,N_Addition,5,0.0513,0.0489
600,8,4,3,P31,Nonlocal_U,N_Addition,6,0.0981,0.0535
601,1,3,5,P31,Local,Ambient_N,1,0.0278,0.0256
602,3,4,14,P31,Local,Ambient_N,2,NA,NA
603,4,3,9,P31,Local,Ambient_N,3,0.0162,0.0105
604,5,5,3,P31,Local,Ambient_N,5,NA,NA
605,6,3,11,P31,Local,Ambient_N,4,NA,NA
606,8,5,6,P31,Local,Ambient_N,6,0.0157,0.0156
607,2,6,6,P31,Local,N_Addition,1,0.0757,0.0609
608,3,6,3,P31,Local,N_Addition,2,0.1598,0.0631
609,5,6,2,P31,Local,N_Addition,3,NA,NA
610,7,1,3,P31,Local,N_Addition,4,0.5673,0.2969
611,8,2,17,P31,Local,N_Addition,5,0.0493,0.0182
612,9,4,19,P31,Local,N_Addition,6,0.2291,0.0761
613,5,1,6,P32,Nonlocal_R,Ambient_N,1,0.0892,0.0777
614,6,1,20,P32,Nonlocal_R,Ambient_N,3,0.0561,0.0760
615,8,6,6,P32,Nonlocal_R,Ambient_N,4,0.1305,0.0435
616,9,1,9,P32,Nonlocal_R,Ambient_N,5,0.1466,0.0418
617,9,4,20,P32,Nonlocal_R,Ambient_N,2,0.0675,0.0345
618,9,5,4,P32,Nonlocal_R,Ambient_N,6,0.0106,0.0187
619,3,4,15,P32,Nonlocal_R,N_Addition,1,0.1875,0.0712
620,3,5,9,P32,Nonlocal_R,N_Addition,2,0.3089,0.1544
621,4,1,13,P32,Nonlocal_R,N_Addition,3,0.2775,0.1602
622,4,2,19,P32,Nonlocal_R,N_Addition,4,0.3805,0.4013
623,6,3,14,P32,Nonlocal_R,N_Addition,5,0.3069,0.4822
624,7,5,10,P32,Nonlocal_R,N_Addition,6,0.0811,0.0301
625,1,1,7,P32,Nonlocal_U,Ambient_N,1,0.0242,0.0223
626,1,3,14,P32,Nonlocal_U,Ambient_N,2,0.0412,0.0182
627,2,2,12,P32,Nonlocal_U,Ambient_N,3,0.0132,0.0112
628,6,2,5,P32,Nonlocal_U,Ambient_N,4,0.0237,0.0109
629,7,3,15,P32,Nonlocal_U,Ambient_N,5,0.0162,0.0258
630,7,5,19,P32,Nonlocal_U,Ambient_N,6,0.0395,0.0143
631,1,4,3,P32,Nonlocal_U,N_Addition,1,0.0571,0.0218
632,1,6,20,P32,Nonlocal_U,N_Addition,2,0.4107,0.2399
633,3,4,5,P32,Nonlocal_U,N_Addition,3,0.1126,0.1713
634,5,2,15,P32,Nonlocal_U,N_Addition,5,0.2389,0.0843
635,7,5,16,P32,Nonlocal_U,N_Addition,4,0.1020,0.0941
636,8,1,14,P32,Nonlocal_U,N_Addition,6,0.3990,0.2184
637,2,1,3,P32,Local,Ambient_N,1,0.0195,0.0204
638,4,3,5,P32,Local,Ambient_N,2,0.0226,0.0321
639,6,3,7,P32,Local,Ambient_N,3,0.0271,0.0165
640,8,2,14,P32,Local,Ambient_N,4,0.1247,0.0913
641,8,4,5,P32,Local,Ambient_N,5,0.1464,0.1247
642,9,5,18,P32,Local,Ambient_N,6,NA,NA
643,2,4,3,P32,Local,N_Addition,1,0.2455,0.1295
644,2,5,5,P32,Local,N_Addition,2,0.1689,0.0942
645,3,5,7,P32,Local,N_Addition,3,0.2552,0.0926
646,4,3,1,P32,Local,N_Addition,4,0.1111,0.0933
647,5,3,11,P32,Local,N_Addition,5,NA,NA
648,5,4,11,P32,Local,N_Addition,6,0.2327,0.1316
649,1,2,18,P34,Nonlocal_R,Ambient_N,1,NA,NA
650,6,2,8,P34,Nonlocal_R,Ambient_N,2,NA,NA
651,7,1,14,P34,Nonlocal_R,Ambient_N,3,NA,NA
652,7,2,16,P34,Nonlocal_R,Ambient_N,4,0.0501,0.0423
653,8,1,11,P34,Nonlocal_R,Ambient_N,5,0.0357,0.0226
654,9,4,11,P34,Nonlocal_R,Ambient_N,6,0.0133,0.0149
655,2,5,2,P34,Nonlocal_R,N_Addition,1,0.0996,0.1004
656,3,3,9,P34,Nonlocal_R,N_Addition,2,0.0319,0.0543
657,4,6,1,P34,Nonlocal_R,N_Addition,3,0.0790,0.0585
658,5,2,7,P34,Nonlocal_R,N_Addition,4,0.1160,0.0813
659,5,6,17,P34,Nonlocal_R,N_Addition,5,0.0388,0.0906
660,8,6,1,P34,Nonlocal_R,N_Addition,6,0.0365,0.0976
661,2,6,8,P34,Nonlocal_U,Ambient_N,1,0.0504,0.0378
662,3,5,19,P34,Nonlocal_U,Ambient_N,2,0.0532,0.0515
663,6,3,15,P34,Nonlocal_U,Ambient_N,3,0.0538,0.0606
664,7,5,9,P34,Nonlocal_U,Ambient_N,4,0.0023,0.000
665,9,2,12,P34,Nonlocal_U,Ambient_N,5,NA,NA
666,9,3,1,P34,Nonlocal_U,Ambient_N,6,0.0242,0.0249
667,2,1,5,P34,Nonlocal_U,N_Addition,1,0.1033,0.1142
668,2,3,2,P34,Nonlocal_U,N_Addition,2,0.1362,0.1025
669,4,6,10,P34,Nonlocal_U,N_Addition,3,0.4727,0.2934
670,5,6,19,P34,Nonlocal_U,N_Addition,4,0.1094,0.0659
671,6,3,4,P34,Nonlocal_U,N_Addition,5,0.0812,0.0724
672,6,5,8,P34,Nonlocal_U,N_Addition,6,0.1733,0.0912
673,1,6,2,P34,Local,Ambient_N,2,0.0249,0.0361
674,1,6,15,P34,Local,Ambient_N,1,0.0915,0.0713
675,3,1,17,P34,Local,Ambient_N,3,0.0853,0.0501
676,3,4,19,P34,Local,Ambient_N,4,0.0792,0.0529
677,7,2,14,P34,Local,Ambient_N,5,0.0542,0.0478
678,8,4,19,P34,Local,Ambient_N,6,0.0378,0.0321
679,1,6,17,P34,Local,N_Addition,1,0.1952,0.0735
680,4,3,18,P34,Local,N_Addition,2,NA,NA
681,4,5,10,P34,Local,N_Addition,3,NA,NA
682,5,5,15,P34,Local,N_Addition,4,0.4864,0.1755
683,8,2,18,P34,Local,N_Addition,5,0.3344,0.2774
684,9,3,14,P34,Local,N_Addition,6,0.2629,0.2597
685,1,5,18,P36,Nonlocal_R,Ambient_N,1,0.0625,0.0424
686,2,4,6,P36,Nonlocal_R,Ambient_N,2,NA,NA
687,3,6,13,P36,Nonlocal_R,Ambient_N,3,0.0477,0.0352
688,4,2,16,P36,Nonlocal_R,Ambient_N,4,0.0383,0.0446
689,8,1,15,P36,Nonlocal_R,Ambient_N,5,0.3937,0.0368
690,9,4,14,P36,Nonlocal_R,Ambient_N,6,0.0716,0.0589
691,1,5,5,P36,Nonlocal_R,N_Addition,1,0.0060,0.0586
692,2,6,14,P36,Nonlocal_R,N_Addition,2,0.1221,0.1416
693,3,1,19,P36,Nonlocal_R,N_Addition,3,0.2449,0.4462
694,6,5,14,P36,Nonlocal_R,N_Addition,4,0.4079,0.2754
695,8,6,13,P36,Nonlocal_R,N_Addition,5,0.1340,0.1528
696,9,2,6,P36,Nonlocal_R,N_Addition,6,0.1683,0.1329
697,1,5,1,P36,Nonlocal_U,Ambient_N,4,0.1250,0.0728
698,3,1,7,P36,Nonlocal_U,Ambient_N,2,0.0745,0.0572
699,5,1,17,P36,Nonlocal_U,Ambient_N,3,0.0908,0.0738
700,6,5,18,P36,Nonlocal_U,Ambient_N,1,0.1366,0.1096
701,7,2,15,P36,Nonlocal_U,Ambient_N,5,NA,NA
702,7,4,5,P36,Nonlocal_U,Ambient_N,6,0.0165,0.0439
703,1,2,15,P36,Nonlocal_U,N_Addition,1,0.1167,0.1011
704,4,1,10,P36,Nonlocal_U,N_Addition,2,0.1036,0.0734
705,5,2,5,P36,Nonlocal_U,N_Addition,3,NA,NA
706,5,6,11,P36,Nonlocal_U,N_Addition,4,0.3730,0.1967
707,7,6,1,P36,Nonlocal_U,N_Addition,5,0.1381,0.1073
708,9,3,19,P36,Nonlocal_U,N_Addition,6,0.1084,0.1049
709,2,1,7,P36,Local,Ambient_N,1,0.0738,0.0676
710,4,4,15,P36,Local,Ambient_N,2,0.0218,0.0283
711,5,6,10,P36,Local,Ambient_N,3,0.0744,0.0433
712,6,5,2,P36,Local,Ambient_N,4,0.0298,0.0329
713,7,6,2,P36,Local,Ambient_N,5,0.0175,0.0124
714,8,1,7,P36,Local,Ambient_N,6,0.0822,0.0973
715,2,3,11,P36,Local,N_Addition,1,NA,NA
716,3,4,16,P36,Local,N_Addition,2,0.1684,0.0916
717,4,2,17,P36,Local,N_Addition,3,0.1685,0.1042
718,6,1,5,P36,Local,N_Addition,4,NA,NA
719,8,5,20,P36,Local,N_Addition,5,0.4811,0.3284
720,9,4,3,P36,Local,N_Addition,6,0.0737,0.0840
721,2,6,5,P37,Nonlocal_R,Ambient_N,1,0.0530,0.0399
722,4,6,13,P37,Nonlocal_R,Ambient_N,2,0.0559,0.0648
723,5,1,7,P37,Nonlocal_R,Ambient_N,3,0.0677,0.0671
724,5,4,3,P37,Nonlocal_R,Ambient_N,4,0.0128,0.0199
725,5,6,3,P37,Nonlocal_R,Ambient_N,5,NA,NA
726,6,4,1,P37,Nonlocal_R,Ambient_N,6,0.0277,0.0187
727,3,2,8,P37,Nonlocal_R,N_Addition,1,0.0453,0.0582
728,4,5,8,P37,Nonlocal_R,N_Addition,2,0.2089,0.1456
729,4,6,18,P37,Nonlocal_R,N_Addition,3,0.1024,0.0484
730,7,4,6,P37,Nonlocal_R,N_Addition,4,0.0842,0.0599
731,8,1,2,P37,Nonlocal_R,N_Addition,5,0.2309,0.2162
732,9,2,11,P37,Nonlocal_R,N_Addition,6,0.1805,0.0901
733,2,5,8,P37,Nonlocal_U,Ambient_N,1,0.0424,0.0308
734,7,2,7,P37,Nonlocal_U,Ambient_N,2,0.0256,0.0452
735,7,4,12,P37,Nonlocal_U,Ambient_N,3,0.1003,0.0690
736,8,6,17,P37,Nonlocal_U,Ambient_N,4,0.1353,0.0529
737,9,1,4,P37,Nonlocal_U,Ambient_N,5,NA,NA
738,9,5,2,P37,Nonlocal_U,Ambient_N,6,0.0021,0.0021
739,1,5,17,P37,Nonlocal_U,N_Addition,1,0.0703,0.0636
740,2,2,13,P37,Nonlocal_U,N_Addition,2,0.1218,0.1158
741,3,2,19,P37,Nonlocal_U,N_Addition,3,0.1152,0.1040
742,3,4,8,P37,Nonlocal_U,N_Addition,4,0.7229,0.3409
743,5,2,20,P37,Nonlocal_U,N_Addition,5,0.0739,0.0407
744,8,2,12,P37,Nonlocal_U,N_Addition,6,0.0488,0.0358
745,1,2,10,P37,Local,Ambient_N,1,0.0574,0.0681
746,1,4,7,P37,Local,Ambient_N,2,0.0372,0.0433
747,2,5,13,P37,Local,Ambient_N,3,0.0678,0.0214
748,3,1,18,P37,Local,Ambient_N,4,0.1199,0.0713
749,4,5,7,P37,Local,Ambient_N,5,0.0464,0.0643
750,6,4,2,P37,Local,Ambient_N,6,0.0690,0.0659
751,1,5,10,P37,Local,N_Addition,1,0.0825,0.1025
752,6,4,13,P37,Local,N_Addition,2,0.4762,0.2349
753,6,6,8,P37,Local,N_Addition,3,0.4662,0.4164
754,7,5,20,P37,Local,N_Addition,4,0.1187,0.0266
755,8,5,18,P37,Local,N_Addition,5,NA,NA
756,9,2,2,P37,Local,N_Addition,6,0.1551,0.1353
757,2,2,11,P38,Nonlocal_R,Ambient_N,1,0.0349,0.0153
758,5,1,2,P38,Nonlocal_R,Ambient_N,2,0.0286,0.0181
759,5,3,20,P38,Nonlocal_R,Ambient_N,3,0.1066,0.0710
760,6,6,13,P38,Nonlocal_R,Ambient_N,4,0.0135,0.0311
761,7,5,18,P38,Nonlocal_R,Ambient_N,5,0.0041,0.000
762,9,4,15,P38,Nonlocal_R,Ambient_N,6,0.0410,0.0426
763,2,6,1,P38,Nonlocal_R,N_Addition,1,0.0902,0.0993
764,4,4,18,P38,Nonlocal_R,N_Addition,2,0.2007,0.2187
765,4,5,17,P38,Nonlocal_R,N_Addition,3,0.1390,0.1339
766,5,1,9,P38,Nonlocal_R,N_Addition,4,0.9428,0.6575
767,5,2,18,P38,Nonlocal_R,N_Addition,5,NA,NA
768,7,1,16,P38,Nonlocal_R,N_Addition,6,0.6829,0.2831
769,1,4,1,P38,Nonlocal_U,Ambient_N,1,0.0084,0.0123
770,3,1,8,P38,Nonlocal_U,Ambient_N,2,0.0241,0.0306
771,3,2,7,P38,Nonlocal_U,Ambient_N,3,0.0169,0.0036
772,4,3,11,P38,Nonlocal_U,Ambient_N,4,0.0305,0.0115
773,4,6,3,P38,Nonlocal_U,Ambient_N,5,0.7265,0.2447
774,7,1,15,P38,Nonlocal_U,Ambient_N,6,0.0106,0.0072
775,1,3,3,P38,Nonlocal_U,N_Addition,1,0.1297,0.1495
776,3,2,4,P38,Nonlocal_U,N_Addition,2,0.0525,0.0462
777,3,6,7,P38,Nonlocal_U,N_Addition,3,0.2989,0.1857
778,6,2,6,P38,Nonlocal_U,N_Addition,4,0.1608,0.1403
779,6,4,9,P38,Nonlocal_U,N_Addition,5,0.2312,0.1695
780,8,1,5,P38,Nonlocal_U,N_Addition,6,0.1872,0.1471
781,1,2,19,P38,Local,Ambient_N,1,0.0234,0.0513
782,2,4,16,P38,Local,Ambient_N,2,0.1411,0.0970
783,7,2,10,P38,Local,Ambient_N,3,0.0103,0.0097
784,8,3,18,P38,Local,Ambient_N,4,0.0348,0.0276
785,9,1,16,P38,Local,Ambient_N,5,0.0240,0.0253
786,9,3,10,P38,Local,Ambient_N,6,0.0085,0.0061
787,1,5,7,P38,Local,N_Addition,1,0.2008,0.2085
788,2,2,7,P38,Local,N_Addition,2,NA,NA
789,6,5,15,P38,Local,N_Addition,3,0.2078,0.1841
790,8,1,3,P38,Local,N_Addition,4,0.1019,0.2227
791,8,5,7,P38,Local,N_Addition,5,NA,NA
792,9,2,10,P38,Local,N_Addition,6,0.0086,0.0203
793,1,4,19,P39,Nonlocal_R,Ambient_N,1,0.0317,0.0554
794,2,1,8,P39,Nonlocal_R,Ambient_N,2,0.000,0.0131
795,3,2,11,P39,Nonlocal_R,Ambient_N,3,0.0212,0.0250
796,4,3,7,P39,Nonlocal_R,Ambient_N,4,0.0175,0.0264
797,4,4,3,P39,Nonlocal_R,Ambient_N,5,0.0278,0.0352
798,5,1,10,P39,Nonlocal_R,Ambient_N,6,0.0287,0.0329
799,1,1,6,P39,Nonlocal_R,N_Addition,1,0.1746,0.1612
800,4,2,18,P39,Nonlocal_R,N_Addition,2,0.2731,0.0994
801,6,2,13,P39,Nonlocal_R,N_Addition,3,0.4412,0.4174
802,6,4,8,P39,Nonlocal_R,N_Addition,4,0.6870,0.2069
803,8,6,5,P39,Nonlocal_R,N_Addition,5,0.1488,0.0956
804,9,3,13,P39,Nonlocal_R,N_Addition,6,0.2934,0.1725
805,2,5,1,P39,Nonlocal_U,Ambient_N,1,0.1035,0.0557
806,2,6,16,P39,Nonlocal_U,Ambient_N,2,0.2504,0.1604
807,3,1,3,P39,Nonlocal_U,Ambient_N,3,0.0863,0.0415
808,7,4,18,P39,Nonlocal_U,Ambient_N,4,0.2155,0.0800
809,8,1,19,P39,Nonlocal_U,Ambient_N,5,0.2601,0.2573
810,9,1,18,P39,Nonlocal_U,Ambient_N,6,0.0962,0.0766
811,1,6,8,P39,Nonlocal_U,N_Addition,1,0.0846,0.0679
812,5,1,16,P39,Nonlocal_U,N_Addition,2,0.0651,0.0591
813,7,5,3,P39,Nonlocal_U,N_Addition,3,0.1916,0.0772
814,8,2,2,P39,Nonlocal_U,N_Addition,4,0.1314,0.1119
815,9,3,17,P39,Nonlocal_U,N_Addition,5,0.1291,0.0785
816,9,5,10,P39,Nonlocal_U,N_Addition,6,0.1518,0.1415
817,2,3,15,P39,Local,Ambient_N,1,0.0262,0.0314
818,3,1,16,P39,Local,Ambient_N,2,0.0042,0.0039
819,5,6,5,P39,Local,Ambient_N,3,0.0055,0.000
820,6,6,9,P39,Local,Ambient_N,4,0.0452,0.0284
821,7,5,5,P39,Local,Ambient_N,5,NA,NA
822,8,3,13,P39,Local,Ambient_N,6,0.0587,0.0544
823,1,3,18,P39,Local,N_Addition,1,0.1691,0.1013
824,3,4,20,P39,Local,N_Addition,2,0.4232,0.2203
825,4,2,10,P39,Local,N_Addition,3,0.2252,0.1264
826,5,3,17,P39,Local,N_Addition,4,0.1575,0.0962
827,6,3,17,P39,Local,N_Addition,5,0.2759,0.3484
828,7,1,6,P39,Local,N_Addition,6,0.1268,0.0653
829,1,3,1,P41,Nonlocal_R,Ambient_N,1,0.0499,0.0555
830,2,5,20,P41,Nonlocal_R,Ambient_N,2,0.1927,0.2363
831,3,2,17,P41,Nonlocal_R,Ambient_N,3,0.1535,0.0604
832,4,3,4,P41,Nonlocal_R,Ambient_N,4,0.0101,0.0056
833,5,6,16,P41,Nonlocal_R,Ambient_N,5,0.0441,0.0543
834,6,6,18,P41,Nonlocal_R,Ambient_N,6,0.000,0.0308
835,2,1,16,P41,Nonlocal_R,N_Addition,1,0.0484,0.0238
836,5,3,8,P41,Nonlocal_R,N_Addition,2,0.0381,0.0298
837,8,3,4,P41,Nonlocal_R,N_Addition,3,0.0240,0.0228
838,8,3,7,P41,Nonlocal_R,N_Addition,4,0.0825,0.0826
839,8,5,9,P41,Nonlocal_R,N_Addition,5,0.0822,0.0463
840,9,5,6,P41,Nonlocal_R,N_Addition,6,0.1017,0.1669
841,3,1,13,P41,Nonlocal_U,Ambient_N,1,0.0350,0.0338
842,3,2,2,P41,Nonlocal_U,Ambient_N,2,0.0236,0.0208
843,4,2,13,P41,Nonlocal_U,Ambient_N,3,0.0425,0.0604
844,5,1,13,P41,Nonlocal_U,Ambient_N,4,0.0400,0.0289
845,6,3,8,P41,Nonlocal_U,Ambient_N,5,0.0804,0.0147
846,9,6,9,P41,Nonlocal_U,Ambient_N,6,0.0534,0.0280
847,1,2,5,P41,Nonlocal_U,N_Addition,1,0.2887,0.1432
848,2,3,6,P41,Nonlocal_U,N_Addition,2,0.1125,0.0621
849,4,6,12,P41,Nonlocal_U,N_Addition,3,0.6152,0.2707
850,6,4,14,P41,Nonlocal_U,N_Addition,4,0.1023,0.0759
851,7,3,19,P41,Nonlocal_U,N_Addition,5,0.2076,0.0816
852,9,6,10,P41,Nonlocal_U,N_Addition,6,0.1587,0.1449
853,1,1,5,P41,Local,Ambient_N,1,NA,NA
854,2,5,7,P41,Local,Ambient_N,2,0.0231,0.0344
855,3,5,3,P41,Local,Ambient_N,3,0.0127,0.0152
856,6,1,14,P41,Local,Ambient_N,4,0.0326,0.0273
857,8,1,4,P41,Local,Ambient_N,5,0.0145,0.0125
858,9,1,1,P41,Local,Ambient_N,6,NA,NA
859,1,6,19,P41,Local,N_Addition,1,0.0356,0.0522
860,4,2,6,P41,Local,N_Addition,2,0.2529,0.1343
861,5,2,2,P41,Local,N_Addition,3,0.0989,0.0863
862,7,1,18,P41,Local,N_Addition,4,NA,NA
863,7,2,20,P41,Local,N_Addition,5,0.1803,0.0529
864,7,5,17,P41,Local,N_Addition,6,0.1027,0.1004
865,1,1,11,P43,Nonlocal_R,Ambient_N,1,0.0414,0.0428
866,1,1,17,P43,Nonlocal_R,Ambient_N,2,0.0297,0.0371
867,2,2,2,P43,Nonlocal_R,Ambient_N,3,0.0355,0.0531
868,6,2,3,P43,Nonlocal_R,Ambient_N,4,0.0356,0.0352
869,7,1,9,P43,Nonlocal_R,Ambient_N,5,0.0270,0.0307
870,7,3,7,P43,Nonlocal_R,Ambient_N,6,0.0571,0.0454
871,1,1,8,P43,Nonlocal_R,N_Addition,1,NA,NA
872,2,6,13,P43,Nonlocal_R,N_Addition,2,0.0777,0.1199
873,4,4,5,P43,Nonlocal_R,N_Addition,3,0.0644,0.0763
874,5,1,8,P43,Nonlocal_R,N_Addition,4,0.0320,0.0542
875,5,4,6,P43,Nonlocal_R,N_Addition,5,0.0263,0.0286
876,9,2,5,P43,Nonlocal_R,N_Addition,6,0.0515,0.0408
877,3,3,14,P43,Nonlocal_U,Ambient_N,1,0.0082,0.0099
878,3,5,11,P43,Nonlocal_U,Ambient_N,2,NA,NA
879,4,5,14,P43,Nonlocal_U,Ambient_N,3,NA,NA
880,5,3,2,P43,Nonlocal_U,Ambient_N,4,NA,NA
881,6,3,9,P43,Nonlocal_U,Ambient_N,5,0.1453,0.0511
882,8,3,14,P43,Nonlocal_U,Ambient_N,6,0.0194,0.0207
883,2,1,12,P43,Nonlocal_U,N_Addition,1,0.1070,0.1039
884,3,5,6,P43,Nonlocal_U,N_Addition,2,0.0702,0.0874
885,6,6,1,P43,Nonlocal_U,N_Addition,3,0.0405,0.0332
886,8,4,17,P43,Nonlocal_U,N_Addition,4,0.1042,0.0804
887,8,5,11,P43,Nonlocal_U,N_Addition,5,0.0555,0.0627
888,9,1,7,P43,Nonlocal_U,N_Addition,6,0.0314,0.0410
889,1,1,2,P43,Local,Ambient_N,1,NA,NA
890,3,1,11,P43,Local,Ambient_N,2,0.0201,0.0257
891,4,1,8,P43,Local,Ambient_N,3,0.0597,0.0467
892,5,2,9,P43,Local,Ambient_N,4,0.0178,0.0223
893,6,5,6,P43,Local,Ambient_N,5,0.0161,0.0050
894,9,5,16,P43,Local,Ambient_N,6,0.0206,0.0207
895,2,6,11,P43,Local,N_Addition,1,0.2228,0.1193
896,4,1,4,P43,Local,N_Addition,2,0.0127,0.0127
897,7,4,1,P43,Local,N_Addition,3,0.0324,0.0317
898,7,4,8,P43,Local,N_Addition,4,0.0631,0.0675
899,8,5,12,P43,Local,N_Addition,5,0.0956,0.0495
900,9,6,12,P43,Local,N_Addition,6,0.0455,0.0482
901,3,3,3,P47,Nonlocal_R,Ambient_N,1,0.0148,0.0163
902,3,3,11,P47,Nonlocal_R,Ambient_N,2,0.0424,0.0385
903,4,2,7,P47,Nonlocal_R,Ambient_N,3,0.1386,0.0703
904,7,1,8,P47,Nonlocal_R,Ambient_N,4,0.1326,0.1501
905,8,6,9,P47,Nonlocal_R,Ambient_N,5,0.0981,0.0754
906,9,3,5,P47,Nonlocal_R,Ambient_N,6,0.0928,0.0206
907,1,1,4,P47,Nonlocal_R,N_Addition,1,0.0441,0.0498
908,2,6,2,P47,Nonlocal_R,N_Addition,2,0.2110,0.1147
909,3,2,10,P47,Nonlocal_R,N_Addition,3,0.4180,0.1691
910,4,3,8,P47,Nonlocal_R,N_Addition,4,0.2269,0.1351
911,4,5,11,P47,Nonlocal_R,N_Addition,5,0.0822,0.0423
912,7,1,20,P47,Nonlocal_R,N_Addition,6,1.5390,0.6891
913,3,1,12,P47,Nonlocal_U,Ambient_N,1,0.0682,0.0250
914,5,3,4,P47,Nonlocal_U,Ambient_N,2,0.0548,0.0333
915,6,3,10,P47,Nonlocal_U,Ambient_N,4,0.0250,0.0205
916,6,3,18,P47,Nonlocal_U,Ambient_N,3,0.0650,0.0456
917,8,3,3,P47,Nonlocal_U,Ambient_N,5,0.0099,0.0195
918,9,6,18,P47,Nonlocal_U,Ambient_N,6,0.1883,0.1332
919,1,5,11,P47,Nonlocal_U,N_Addition,1,0.1950,0.1303
920,5,2,19,P47,Nonlocal_U,N_Addition,2,NA,NA
921,5,6,20,P47,Nonlocal_U,N_Addition,3,0.2277,0.2719
922,6,2,16,P47,Nonlocal_U,N_Addition,4,0.6443,0.2817
923,7,6,18,P47,Nonlocal_U,N_Addition,5,0.7101,0.2943
924,9,4,17,P47,Nonlocal_U,N_Addition,6,0.1585,0.0920
925,1,1,18,P47,Local,Ambient_N,1,0.7858,0.6368
926,1,5,16,P47,Local,Ambient_N,2,0.0711,0.0940
927,2,3,13,P47,Local,Ambient_N,3,0.0084,0.0153
928,5,4,8,P47,Local,Ambient_N,4,0.0428,0.0352
929,6,1,6,P47,Local,Ambient_N,5,0.0337,0.0424
930,8,5,1,P47,Local,Ambient_N,6,0.2744,0.1224
931,2,3,4,P47,Local,N_Addition,1,0.0224,0.0110
932,2,5,3,P47,Local,N_Addition,2,1.8337,0.0792
933,4,1,18,P47,Local,N_Addition,3,1.5153,0.5058
934,7,4,13,P47,Local,N_Addition,4,1.9695,0.8251
935,8,2,20,P47,Local,N_Addition,5,NA,NA
936,9,6,6,P47,Local,N_Addition,6,0.1666,0.0734
937,1,6,9,P48,Nonlocal_R,Ambient_N,1,0.0210,0.0377
938,3,6,17,P48,Nonlocal_R,Ambient_N,2,0.0116,0.0169
939,4,1,9,P48,Nonlocal_R,Ambient_N,3,NA,NA
940,4,3,16,P48,Nonlocal_R,Ambient_N,4,0.0128,0.0085
941,5,5,11,P48,Nonlocal_R,Ambient_N,5,0.0061,0.0065
942,8,3,12,P48,Nonlocal_R,Ambient_N,6,0.2792,0.1130
943,2,6,7,P48,Nonlocal_R,N_Addition,1,0.0208,0.0235
944,3,6,1,P48,Nonlocal_R,N_Addition,2,0.1048,0.1372
945,7,1,12,P48,Nonlocal_R,N_Addition,3,NA,NA
946,7,2,1,P48,Nonlocal_R,N_Addition,4,0.2081,0.0718
947,8,6,8,P48,Nonlocal_R,N_Addition,5,0.0635,0.0716
948,9,4,12,P48,Nonlocal_R,N_Addition,6,0.0677,0.0469
949,1,2,13,P48,Nonlocal_U,Ambient_N,1,NA,NA
950,1,3,19,P48,Nonlocal_U,Ambient_N,2,0.0512,0.0798
951,3,6,9,P48,Nonlocal_U,Ambient_N,3,0.0157,0.0134
952,5,5,6,P48,Nonlocal_U,Ambient_N,4,NA,NA
953,6,4,20,P48,Nonlocal_U,Ambient_N,5,0.1571,0.0985
954,7,4,15,P48,Nonlocal_U,Ambient_N,6,0.0293,0.0408
955,4,6,20,P48,Nonlocal_U,N_Addition,1,0.3071,0.3567
956,6,1,7,P48,Nonlocal_U,N_Addition,2,0.2155,0.0920
957,6,6,5,P48,Nonlocal_U,N_Addition,3,0.0996,0.0555
958,7,1,19,P48,Nonlocal_U,N_Addition,4,NA,NA
959,9,4,16,P48,Nonlocal_U,N_Addition,5,NA,NA
960,9,5,9,P48,Nonlocal_U,N_Addition,6,NA,NA
961,2,2,1,P48,Local,Ambient_N,1,NA,NA
962,2,2,6,P48,Local,Ambient_N,2,0.0181,0.0200
963,3,4,10,P48,Local,Ambient_N,3,0.0045,0.0008
964,5,4,16,P48,Local,Ambient_N,4,NA,NA
965,8,4,18,P48,Local,Ambient_N,5,0.0518,0.0341
966,9,4,18,P48,Local,Ambient_N,6,0.0046,0.0043
967,1,4,6,P48,Local,N_Addition,1,0.0280,0.0364
968,2,1,18,P48,Local,N_Addition,2,0.0857,0.0862
969,4,4,9,P48,Local,N_Addition,3,NA,NA
970,5,4,2,P48,Local,N_Addition,4,0.0544,0.0401
971,6,6,19,P48,Local,N_Addition,5,0.1422,0.0982
972,8,2,15,P48,Local,N_Addition,6,0.1177,0.0537
973,1,2,12,P7,Nonlocal_R,Ambient_N,1,0.0520,0.0496
974,1,5,12,P7,Nonlocal_R,Ambient_N,2,0.1276,0.1441
975,3,6,16,P7,Nonlocal_R,Ambient_N,3,NA,NA
976,4,5,18,P7,Nonlocal_R,Ambient_N,4,0.0747,0.0369
977,6,5,3,P7,Nonlocal_R,Ambient_N,5,0.0265,0.0258
978,8,6,20,P7,Nonlocal_R,Ambient_N,6,0.2078,0.0856
979,2,1,17,P7,Nonlocal_R,N_Addition,1,0.2969,0.2813
980,3,5,17,P7,Nonlocal_R,N_Addition,2,0.2236,0.1089
981,5,5,7,P7,Nonlocal_R,N_Addition,3,0.1079,0.1859
982,6,1,4,P7,Nonlocal_R,N_Addition,4,0.1624,0.1172
983,7,4,4,P7,Nonlocal_R,N_Addition,5,0.2274,0.1452
984,9,6,14,P7,Nonlocal_R,N_Addition,6,0.2952,0.2043
985,4,1,12,P7,Nonlocal_U,Ambient_N,1,0.1167,0.1278
986,5,2,6,P7,Nonlocal_U,Ambient_N,2,0.0565,0.0147
987,5,6,12,P7,Nonlocal_U,Ambient_N,3,0.2358,0.1518
988,6,6,11,P7,Nonlocal_U,Ambient_N,4,0.0852,0.0722
989,7,3,16,P7,Nonlocal_U,Ambient_N,5,0.0790,0.0794
990,9,6,20,P7,Nonlocal_U,Ambient_N,6,0.2622,0.1319
991,1,1,10,P7,Nonlocal_U,N_Addition,1,0.1419,0.1346
992,2,1,14,P7,Nonlocal_U,N_Addition,2,0.1283,0.0607
993,2,1,20,P7,Nonlocal_U,N_Addition,3,0.3598,0.1638
994,6,4,17,P7,Nonlocal_U,N_Addition,4,0.0452,0.0675
995,9,3,16,P7,Nonlocal_U,N_Addition,5,0.0277,0.0234
996,9,6,19,P7,Nonlocal_U,N_Addition,6,0.3798,0.1733
997,1,2,6,P7,Local,Ambient_N,1,0.0364,0.0468
998,3,2,14,P7,Local,Ambient_N,2,NA,NA
999,3,6,14,P7,Local,Ambient_N,3,0.2079,0.0733
1000,4,2,4,P7,Local,Ambient_N,4,0.0434,0.0695
1001,5,2,4,P7,Local,Ambient_N,5,0.0535,0.0295
1002,8,6,4,P7,Local,Ambient_N,6,0.1077,0.0693
1003,2,2,9,P7,Local,N_Addition,1,0.3266,0.1645
1004,4,5,9,P7,Local,N_Addition,2,0.1275,0.1256
1005,7,6,5,P7,Local,N_Addition,3,0.1954,0.1567
1006,7,6,8,P7,Local,N_Addition,4,0.4694,0.5028
1007,8,4,14,P7,Local,N_Addition,5,0.3707,0.2290
1008,8,6,3,P7,Local,N_Addition,6,0.1961,0.1967
1009,1,1,9,P10,Nonlocal_R,Ambient_N,1,0.0022,0.0005
1010,1,2,7,P10,Nonlocal_R,Ambient_N,2,NA,NA
1011,2,3,17,P10,Nonlocal_R,Ambient_N,3,0.0222,0.0097
1012,5,3,19,P10,Nonlocal_R,Ambient_N,4,NA,NA
1013,6,5,5,P10,Nonlocal_R,Ambient_N,5,NA,NA
1014,7,3,13,P10,Nonlocal_R,Ambient_N,6,NA,NA
1015,1,1,16,P10,Nonlocal_R,N_Addition,1,NA,NA
1016,4,3,17,P10,Nonlocal_R,N_Addition,2,NA,NA
1017,5,5,10,P10,Nonlocal_R,N_Addition,3,NA,NA
1018,6,6,15,P10,Nonlocal_R,N_Addition,4,0.0573,0.0402
1019,7,1,2,P10,Nonlocal_R,N_Addition,5,NA,NA
1020,8,6,11,P10,Nonlocal_R,N_Addition,6,NA,NA
1021,1,4,18,P10,Nonlocal_U,Ambient_N,1,0.0167,0.0309
1022,2,1,13,P10,Nonlocal_U,Ambient_N,2,NA,NA
1023,3,5,15,P10,Nonlocal_U,Ambient_N,3,0.0087,0.0049
1024,5,4,17,P10,Nonlocal_U,Ambient_N,4,NA,NA
1025,5,6,8,P10,Nonlocal_U,Ambient_N,5,NA,NA
1026,9,3,12,P10,Nonlocal_U,Ambient_N,6,0.0440,0.0305
1027,2,5,15,P10,Nonlocal_U,N_Addition,1,0.0930,0.0319
1028,4,4,8,P10,Nonlocal_U,N_Addition,2,0.0207,0.0219
1029,6,6,7,P10,Nonlocal_U,N_Addition,3,NA,NA
1030,7,2,11,P10,Nonlocal_U,N_Addition,4,0.1703,0.1676
1031,8,3,10,P10,Nonlocal_U,N_Addition,5,0.0822,0.0751
1032,9,4,6,P10,Nonlocal_U,N_Addition,6,0.0587,0.0762
1033,3,5,8,P10,Local,Ambient_N,1,NA,NA
1034,4,1,17,P10,Local,Ambient_N,2,0.0122,0.0133
1035,4,4,13,P10,Local,Ambient_N,3,NA,NA
1036,7,2,3,P10,Local,Ambient_N,4,0.0173,0.0127
1037,8,2,3,P10,Local,Ambient_N,5,0.0131,0.0249
1038,9,5,1,P10,Local,Ambient_N,6,0.0202,0.0101
1039,2,2,16,P10,Local,N_Addition,1,0.0216,0.0201
1040,3,2,3,P10,Local,N_Addition,2,NA,NA
1041,3,4,3,P10,Local,N_Addition,3,NA,NA
1042,6,4,7,P10,Local,N_Addition,4,0.0325,0.0409
1043,8,1,13,P10,Local,N_Addition,5,NA,NA
1044,9,1,13,P10,Local,N_Addition,6,0.1461,0.0552
1045,4,1,1,P12,Nonlocal_R,Ambient_N,1,NA,NA
1046,4,4,1,P12,Nonlocal_R,Ambient_N,2,0.000,0.0088
1047,5,2,8,P12,Nonlocal_R,Ambient_N,3,NA,NA
1048,6,1,19,P12,Nonlocal_R,Ambient_N,4,0.0226,0.0167
1049,7,6,6,P12,Nonlocal_R,Ambient_N,5,0.0068,0.0146
1050,8,2,6,P12,Nonlocal_R,Ambient_N,6,0.000,0.0136
1051,1,6,10,P12,Nonlocal_R,N_Addition,1,NA,NA
1052,2,5,10,P12,Nonlocal_R,N_Addition,2,0.0587,0.0491
1053,3,1,6,P12,Nonlocal_R,N_Addition,3,0.0457,0.0520
1054,3,2,16,P12,Nonlocal_R,N_Addition,4,NA,NA
1055,6,5,12,P12,Nonlocal_R,N_Addition,5,NA,NA
1056,9,6,17,P12,Nonlocal_R,N_Addition,6,0.1758,0.1137
1057,4,3,14,P12,Nonlocal_U,Ambient_N,1,NA,NA
1058,4,4,2,P12,Nonlocal_U,Ambient_N,2,0.0065,0.0033
1059,5,4,4,P12,Nonlocal_U,Ambient_N,3,0.0144,0.0155
1060,6,4,15,P12,Nonlocal_U,Ambient_N,4,NA,NA
1061,8,3,16,P12,Nonlocal_U,Ambient_N,5,0.000,0.0185
1062,8,5,2,P12,Nonlocal_U,Ambient_N,6,0.000,0.0049
1063,1,6,14,P12,Nonlocal_U,N_Addition,1,0.0784,0.0937
1064,2,2,8,P12,Nonlocal_U,N_Addition,2,NA,NA
1065,6,3,2,P12,Nonlocal_U,N_Addition,3,0.0317,0.0282
1066,7,5,7,P12,Nonlocal_U,N_Addition,4,0.1810,0.0468
1067,7,5,8,P12,Nonlocal_U,N_Addition,5,0.1519,0.1181
1068,9,1,19,P12,Nonlocal_U,N_Addition,6,0.1561,0.1357
1069,2,3,1,P12,Local,Ambient_N,1,NA,NA
1070,3,6,11,P12,Local,Ambient_N,2,NA,NA
1071,5,1,5,P12,Local,Ambient_N,3,0.0057,0.0063
1072,7,2,12,P12,Local,Ambient_N,4,NA,NA
1073,8,3,5,P12,Local,Ambient_N,5,NA,NA
1074,9,4,13,P12,Local,Ambient_N,6,0.0243,0.0351
1075,1,2,8,P12,Local,N_Addition,1,0.0925,0.1321
1076,1,3,9,P12,Local,N_Addition,2,NA,NA
1077,2,2,10,P12,Local,N_Addition,3,NA,NA
1078,3,3,7,P12,Local,N_Addition,4,NA,NA
1079,5,2,16,P12,Local,N_Addition,5,NA,NA
1080,9,2,19,P12,Local,N_Addition,6,0.1947,0.1346